order_id,customer_id,order_date,this_order_bracelets_count,prev_bracelets_count,this_order_necklace_count,prev_necklace_count,this_order_charms_count,prev_charms_count,this_order_rings_count,prev_rings_count
0,088293fc-a492-4f12-84d8-58331a07d203,2021-01-03,0.0,0.0,1.0,0.0,0.0,0.0,0.0,0.0
1,088293fc-a492-4f12-84d8-58331a07d203,2021-01-13,0.0,0.0,1.0,1.0,0.0,0.0,0.0,0.0
2,088293fc-a492-4f12-84d8-58331a07d203,2021-01-15,0.0,0.0,0.0,2.0,1.0,0.0,0.0,0.0
3,088293fc-a492-4f12-84d8-58331a07d203,2021-01-27,0.0,0.0,1.0,2.0,0.0,1.0,0.0,0.0
4,088293fc-a492-4f12-84d8-58331a07d203,2021-01-31,1.0,0.0,0.0,3.0,0.0,1.0,0.0,0.0
5,088293fc-a492-4f12-84d8-58331a07d203,2021-02-01,1.0,1.0,0.0,3.0,0.0,1.0,0.0,0.0
6,088293fc-a492-4f12-84d8-58331a07d203,2021-02-02,1.0,2.0,0.0,3.0,0.0,1.0,0.0,0.0
7,088293fc-a492-4f12-84d8-58331a07d203,2021-02-23,0.0,3.0,0.0,3.0,0.0,1.0,1.0,0.0
8,088293fc-a492-4f12-84d8-58331a07d203,2021-02-26,1.0,3.0,0.0,3.0,1.0,1.0,0.0,1.0
9,088293fc-a492-4f12-84d8-58331a07d203,2021-02-28,0.0,4.0,0.0,3.0,1.0,2.0,0.0,1.0
10,088293fc-a492-4f12-84d8-58331a07d203,2021-03-12,0.0,4.0,0.0,3.0,0.0,3.0,1.0,1.0
11,088293fc-a492-4f12-84d8-58331a07d203,2021-03-13,0.0,4.0,0.0,3.0,0.0,3.0,1.0,2.0
12,088293fc-a492-4f12-84d8-58331a07d203,2021-03-20,1.0,4.0,0.0,3.0,0.0,3.0,0.0,3.0
13,088293fc-a492-4f12-84d8-58331a07d203,2021-03-23,1.0,5.0,0.0,3.0,0.0,3.0,0.0,3.0
14,088293fc-a492-4f12-84d8-58331a07d203,2021-04-03,0.0,6.0,1.0,3.0,0.0,3.0,0.0,3.0
15,088293fc-a492-4f12-84d8-58331a07d203,2021-04-08,0.0,6.0,1.0,4.0,0.0,3.0,0.0,3.0
16,088293fc-a492-4f12-84d8-58331a07d203,2021-04-18,1.0,6.0,0.0,5.0,0.0,3.0,0.0,3.0
17,088293fc-a492-4f12-84d8-58331a07d203,2021-05-11,0.0,7.0,0.0,5.0,0.0,3.0,1.0,3.0
18,088293fc-a492-4f12-84d8-58331a07d203,2021-05-20,1.0,7.0,0.0,5.0,0.0,3.0,0.0,4.0
19,088293fc-a492-4f12-84d8-58331a07d203,2021-05-24,0.0,8.0,0.0,5.0,0.0,3.0,1.0,4.0
20,088293fc-a492-4f12-84d8-58331a07d203,2021-05-27,0.0,8.0,0.0,5.0,0.0,3.0,1.0,5.0
21,088293fc-a492-4f12-84d8-58331a07d203,2021-06-12,0.0,8.0,1.0,5.0,0.0,3.0,0.0,6.0
22,088293fc-a492-4f12-84d8-58331a07d203,2021-06-13,0.0,8.0,0.0,6.0,0.0,3.0,1.0,6.0
23,088293fc-a492-4f12-84d8-58331a07d203,2021-06-14,0.0,8.0,1.0,6.0,0.0,3.0,0.0,7.0
24,088293fc-a492-4f12-84d8-58331a07d203,2021-06-22,0.0,8.0,0.0,7.0,1.0,3.0,0.0,7.0
25,088293fc-a492-4f12-84d8-58331a07d203,2021-07-02,0.0,8.0,0.0,7.0,0.0,4.0,1.0,7.0
26,088293fc-a492-4f12-84d8-58331a07d203,2021-08-02,1.0,8.0,0.0,7.0,0.0,4.0,0.0,8.0
27,088293fc-a492-4f12-84d8-58331a07d203,2021-08-14,0.0,9.0,0.0,7.0,0.0,4.0,1.0,8.0
28,088293fc-a492-4f12-84d8-58331a07d203,2021-08-16,0.0,9.0,0.0,7.0,0.0,4.0,1.0,9.0
29,088293fc-a492-4f12-84d8-58331a07d203,2021-08-23,0.0,9.0,1.0,7.0,0.0,4.0,0.0,10.0
30,088293fc-a492-4f12-84d8-58331a07d203,2021-09-01,0.0,9.0,0.0,8.0,0.0,4.0,1.0,10.0
31,088293fc-a492-4f12-84d8-58331a07d203,2021-09-13,0.0,9.0,0.0,8.0,1.0,4.0,0.0,11.0
32,088293fc-a492-4f12-84d8-58331a07d203,2021-10-02,0.0,9.0,0.0,8.0,0.0,5.0,1.0,11.0
33,088293fc-a492-4f12-84d8-58331a07d203,2021-10-23,0.0,9.0,1.0,8.0,0.0,5.0,0.0,12.0
34,088293fc-a492-4f12-84d8-58331a07d203,2021-10-26,0.0,9.0,0.0,9.0,0.0,5.0,1.0,12.0
35,088293fc-a492-4f12-84d8-58331a07d203,2021-10-27,1.0,9.0,0.0,9.0,0.0,5.0,0.0,13.0
36,088293fc-a492-4f12-84d8-58331a07d203,2021-10-29,1.0,10.0,0.0,9.0,0.0,5.0,0.0,13.0
37,088293fc-a492-4f12-84d8-58331a07d203,2021-10-30,0.0,11.0,0.0,9.0,0.0,5.0,1.0,13.0
38,088293fc-a492-4f12-84d8-58331a07d203,2021-11-06,0.0,11.0,1.0,9.0,0.0,5.0,0.0,14.0
39,088293fc-a492-4f12-84d8-58331a07d203,2021-11-12,0.0,11.0,1.0,10.0,0.0,5.0,0.0,14.0
40,088293fc-a492-4f12-84d8-58331a07d203,2021-11-14,0.0,11.0,0.0,11.0,1.0,5.0,0.0,14.0
41,088293fc-a492-4f12-84d8-58331a07d203,2021-11-17,0.0,11.0,0.0,11.0,1.0,6.0,0.0,14.0
42,088293fc-a492-4f12-84d8-58331a07d203,2021-12-02,1.0,11.0,0.0,11.0,0.0,7.0,0.0,14.0
43,088293fc-a492-4f12-84d8-58331a07d203,2021-12-15,1.0,12.0,0.0,11.0,0.0,7.0,0.0,14.0
44,088293fc-a492-4f12-84d8-58331a07d203,2021-12-25,0.0,13.0,0.0,11.0,0.0,7.0,1.0,14.0
45,088293fc-a492-4f12-84d8-58331a07d203,2021-12-29,0.0,13.0,0.0,11.0,1.0,7.0,0.0,15.0
46,18b1a851-e6fd-42f7-a0b3-40bf88bb25d9,2021-01-13,1.0,0.0,0.0,0.0,0.0,0.0,0.0,0.0
47,18b1a851-e6fd-42f7-a0b3-40bf88bb25d9,2021-01-18,0.0,1.0,0.0,0.0,0.0,0.0,1.0,0.0
48,18b1a851-e6fd-42f7-a0b3-40bf88bb25d9,2021-01-19,0.0,1.0,1.0,0.0,0.0,0.0,0.0,1.0
49,18b1a851-e6fd-42f7-a0b3-40bf88bb25d9,2021-01-29,1.0,1.0,0.0,1.0,0.0,0.0,0.0,1.0
50,18b1a851-e6fd-42f7-a0b3-40bf88bb25d9,2021-02-03,1.0,2.0,0.0,1.0,0.0,0.0,0.0,1.0
51,18b1a851-e6fd-42f7-a0b3-40bf88bb25d9,2021-02-06,1.0,3.0,0.0,1.0,0.0,0.0,0.0,1.0
52,18b1a851-e6fd-42f7-a0b3-40bf88bb25d9,2021-02-21,0.0,4.0,1.0,1.0,0.0,0.0,0.0,1.0
53,18b1a851-e6fd-42f7-a0b3-40bf88bb25d9,2021-02-24,1.0,4.0,0.0,2.0,0.0,0.0,0.0,1.0
54,18b1a851-e6fd-42f7-a0b3-40bf88bb25d9,2021-03-08,0.0,5.0,0.0,2.0,2.0,0.0,0.0,1.0
55,18b1a851-e6fd-42f7-a0b3-40bf88bb25d9,2021-03-20,0.0,5.0,0.0,2.0,1.0,2.0,0.0,1.0
56,18b1a851-e6fd-42f7-a0b3-40bf88bb25d9,2021-04-01,0.0,5.0,0.0,2.0,0.0,3.0,1.0,1.0
57,18b1a851-e6fd-42f7-a0b3-40bf88bb25d9,2021-04-13,0.0,5.0,1.0,2.0,0.0,3.0,0.0,2.0
58,18b1a851-e6fd-42f7-a0b3-40bf88bb25d9,2021-04-25,1.0,5.0,0.0,3.0,0.0,3.0,0.0,2.0
59,18b1a851-e6fd-42f7-a0b3-40bf88bb25d9,2021-05-02,1.0,6.0,0.0,3.0,0.0,3.0,0.0,2.0
60,18b1a851-e6fd-42f7-a0b3-40bf88bb25d9,2021-05-07,0.0,7.0,0.0,3.0,1.0,3.0,0.0,2.0
61,18b1a851-e6fd-42f7-a0b3-40bf88bb25d9,2021-05-15,0.0,7.0,0.0,3.0,0.0,4.0,1.0,2.0
62,18b1a851-e6fd-42f7-a0b3-40bf88bb25d9,2021-05-19,0.0,7.0,0.0,3.0,1.0,4.0,0.0,3.0
63,18b1a851-e6fd-42f7-a0b3-40bf88bb25d9,2021-05-23,0.0,7.0,0.0,3.0,0.0,5.0,1.0,3.0
64,18b1a851-e6fd-42f7-a0b3-40bf88bb25d9,2021-05-25,0.0,7.0,1.0,3.0,0.0,5.0,0.0,4.0
65,18b1a851-e6fd-42f7-a0b3-40bf88bb25d9,2021-06-02,0.0,7.0,1.0,4.0,0.0,5.0,0.0,4.0
66,18b1a851-e6fd-42f7-a0b3-40bf88bb25d9,2021-06-04,0.0,7.0,1.0,5.0,0.0,5.0,0.0,4.0
67,18b1a851-e6fd-42f7-a0b3-40bf88bb25d9,2021-06-29,0.0,7.0,1.0,6.0,0.0,5.0,0.0,4.0
68,18b1a851-e6fd-42f7-a0b3-40bf88bb25d9,2021-07-12,0.0,7.0,1.0,7.0,0.0,5.0,0.0,4.0
69,18b1a851-e6fd-42f7-a0b3-40bf88bb25d9,2021-07-14,1.0,7.0,0.0,8.0,0.0,5.0,0.0,4.0
70,18b1a851-e6fd-42f7-a0b3-40bf88bb25d9,2021-07-25,0.0,8.0,0.0,8.0,0.0,5.0,1.0,4.0
71,18b1a851-e6fd-42f7-a0b3-40bf88bb25d9,2021-07-26,0.0,8.0,1.0,8.0,0.0,5.0,0.0,5.0
72,18b1a851-e6fd-42f7-a0b3-40bf88bb25d9,2021-07-31,0.0,8.0,1.0,9.0,0.0,5.0,0.0,5.0
73,18b1a851-e6fd-42f7-a0b3-40bf88bb25d9,2021-08-17,0.0,8.0,1.0,10.0,0.0,5.0,0.0,5.0
74,18b1a851-e6fd-42f7-a0b3-40bf88bb25d9,2021-09-05,0.0,8.0,1.0,11.0,0.0,5.0,0.0,5.0
75,18b1a851-e6fd-42f7-a0b3-40bf88bb25d9,2021-09-10,0.0,8.0,2.0,12.0,0.0,5.0,0.0,5.0
76,18b1a851-e6fd-42f7-a0b3-40bf88bb25d9,2021-09-21,1.0,8.0,0.0,14.0,0.0,5.0,0.0,5.0
77,18b1a851-e6fd-42f7-a0b3-40bf88bb25d9,2021-09-23,1.0,9.0,0.0,14.0,0.0,5.0,0.0,5.0
78,18b1a851-e6fd-42f7-a0b3-40bf88bb25d9,2021-10-07,0.0,10.0,1.0,14.0,0.0,5.0,0.0,5.0
79,18b1a851-e6fd-42f7-a0b3-40bf88bb25d9,2021-10-10,0.0,10.0,0.0,15.0,0.0,5.0,1.0,5.0
80,18b1a851-e6fd-42f7-a0b3-40bf88bb25d9,2021-10-17,0.0,10.0,0.0,15.0,1.0,5.0,0.0,6.0
81,18b1a851-e6fd-42f7-a0b3-40bf88bb25d9,2021-10-30,0.0,10.0,0.0,15.0,1.0,6.0,0.0,6.0
82,18b1a851-e6fd-42f7-a0b3-40bf88bb25d9,2021-11-14,1.0,10.0,0.0,15.0,0.0,7.0,0.0,6.0
83,18b1a851-e6fd-42f7-a0b3-40bf88bb25d9,2021-12-02,0.0,11.0,0.0,15.0,1.0,7.0,0.0,6.0
84,18b1a851-e6fd-42f7-a0b3-40bf88bb25d9,2021-12-05,1.0,11.0,0.0,15.0,0.0,8.0,0.0,6.0
85,18b1a851-e6fd-42f7-a0b3-40bf88bb25d9,2021-12-15,0.0,12.0,1.0,15.0,0.0,8.0,0.0,6.0
86,18b1a851-e6fd-42f7-a0b3-40bf88bb25d9,2021-12-22,0.0,12.0,0.0,16.0,1.0,8.0,0.0,6.0
87,21085515-69f6-4ab0-995f-0f0410a3a84a,2021-01-01,1.0,0.0,0.0,0.0,0.0,0.0,0.0,0.0
88,21085515-69f6-4ab0-995f-0f0410a3a84a,2021-01-10,0.0,1.0,0.0,0.0,0.0,0.0,2.0,0.0
89,21085515-69f6-4ab0-995f-0f0410a3a84a,2021-01-16,1.0,1.0,0.0,0.0,0.0,0.0,0.0,2.0
90,21085515-69f6-4ab0-995f-0f0410a3a84a,2021-01-24,1.0,2.0,0.0,0.0,0.0,0.0,0.0,2.0
91,21085515-69f6-4ab0-995f-0f0410a3a84a,2021-02-12,0.0,3.0,1.0,0.0,0.0,0.0,0.0,2.0
92,21085515-69f6-4ab0-995f-0f0410a3a84a,2021-03-01,1.0,3.0,0.0,1.0,0.0,0.0,0.0,2.0
93,21085515-69f6-4ab0-995f-0f0410a3a84a,2021-03-03,0.0,4.0,1.0,1.0,0.0,0.0,0.0,2.0
94,21085515-69f6-4ab0-995f-0f0410a3a84a,2021-03-11,0.0,4.0,1.0,2.0,0.0,0.0,0.0,2.0
95,21085515-69f6-4ab0-995f-0f0410a3a84a,2021-03-13,0.0,4.0,1.0,3.0,0.0,0.0,0.0,2.0
96,21085515-69f6-4ab0-995f-0f0410a3a84a,2021-03-16,0.0,4.0,1.0,4.0,0.0,0.0,0.0,2.0
97,21085515-69f6-4ab0-995f-0f0410a3a84a,2021-03-28,0.0,4.0,1.0,5.0,0.0,0.0,0.0,2.0
98,21085515-69f6-4ab0-995f-0f0410a3a84a,2021-04-04,0.0,4.0,1.0,6.0,0.0,0.0,0.0,2.0
99,21085515-69f6-4ab0-995f-0f0410a3a84a,2021-04-09,1.0,4.0,0.0,7.0,0.0,0.0,0.0,2.0
100,21085515-69f6-4ab0-995f-0f0410a3a84a,2021-04-18,0.0,5.0,1.0,7.0,0.0,0.0,0.0,2.0
101,21085515-69f6-4ab0-995f-0f0410a3a84a,2021-04-28,0.0,5.0,1.0,8.0,0.0,0.0,0.0,2.0
102,21085515-69f6-4ab0-995f-0f0410a3a84a,2021-05-08,0.0,5.0,1.0,9.0,0.0,0.0,1.0,2.0
103,21085515-69f6-4ab0-995f-0f0410a3a84a,2021-05-10,1.0,5.0,0.0,10.0,0.0,0.0,0.0,3.0
104,21085515-69f6-4ab0-995f-0f0410a3a84a,2021-06-07,1.0,6.0,0.0,10.0,0.0,0.0,0.0,3.0
105,21085515-69f6-4ab0-995f-0f0410a3a84a,2021-06-09,0.0,7.0,0.0,10.0,1.0,0.0,0.0,3.0
106,21085515-69f6-4ab0-995f-0f0410a3a84a,2021-06-10,0.0,7.0,1.0,10.0,0.0,1.0,0.0,3.0
107,21085515-69f6-4ab0-995f-0f0410a3a84a,2021-06-13,1.0,7.0,0.0,11.0,0.0,1.0,0.0,3.0
108,21085515-69f6-4ab0-995f-0f0410a3a84a,2021-07-06,0.0,8.0,0.0,11.0,1.0,1.0,0.0,3.0
109,21085515-69f6-4ab0-995f-0f0410a3a84a,2021-07-16,1.0,8.0,0.0,11.0,0.0,2.0,1.0,3.0
110,21085515-69f6-4ab0-995f-0f0410a3a84a,2021-07-17,1.0,9.0,0.0,11.0,0.0,2.0,0.0,4.0
111,21085515-69f6-4ab0-995f-0f0410a3a84a,2021-07-19,0.0,10.0,1.0,11.0,0.0,2.0,0.0,4.0
112,21085515-69f6-4ab0-995f-0f0410a3a84a,2021-07-20,0.0,10.0,1.0,12.0,0.0,2.0,0.0,4.0
113,21085515-69f6-4ab0-995f-0f0410a3a84a,2021-07-31,0.0,10.0,0.0,13.0,1.0,2.0,0.0,4.0
114,21085515-69f6-4ab0-995f-0f0410a3a84a,2021-08-26,0.0,10.0,1.0,13.0,0.0,3.0,0.0,4.0
115,21085515-69f6-4ab0-995f-0f0410a3a84a,2021-08-27,0.0,10.0,1.0,14.0,0.0,3.0,0.0,4.0
116,21085515-69f6-4ab0-995f-0f0410a3a84a,2021-08-30,1.0,10.0,0.0,15.0,0.0,3.0,0.0,4.0
117,21085515-69f6-4ab0-995f-0f0410a3a84a,2021-09-07,1.0,11.0,0.0,15.0,0.0,3.0,0.0,4.0
118,21085515-69f6-4ab0-995f-0f0410a3a84a,2021-09-23,0.0,12.0,0.0,15.0,0.0,3.0,1.0,4.0
119,21085515-69f6-4ab0-995f-0f0410a3a84a,2021-10-12,0.0,12.0,1.0,15.0,0.0,3.0,0.0,5.0
120,21085515-69f6-4ab0-995f-0f0410a3a84a,2021-10-18,0.0,12.0,0.0,16.0,0.0,3.0,1.0,5.0
121,21085515-69f6-4ab0-995f-0f0410a3a84a,2021-10-27,0.0,12.0,2.0,16.0,0.0,3.0,0.0,6.0
122,21085515-69f6-4ab0-995f-0f0410a3a84a,2021-10-31,0.0,12.0,1.0,18.0,0.0,3.0,0.0,6.0
123,21085515-69f6-4ab0-995f-0f0410a3a84a,2021-11-02,0.0,12.0,1.0,19.0,0.0,3.0,0.0,6.0
124,21085515-69f6-4ab0-995f-0f0410a3a84a,2021-11-04,0.0,12.0,1.0,20.0,0.0,3.0,0.0,6.0
125,21085515-69f6-4ab0-995f-0f0410a3a84a,2021-11-05,1.0,12.0,0.0,21.0,0.0,3.0,0.0,6.0
126,21085515-69f6-4ab0-995f-0f0410a3a84a,2021-11-22,0.0,13.0,1.0,21.0,0.0,3.0,0.0,6.0
127,21085515-69f6-4ab0-995f-0f0410a3a84a,2021-11-28,0.0,13.0,1.0,22.0,0.0,3.0,0.0,6.0
128,21085515-69f6-4ab0-995f-0f0410a3a84a,2021-12-05,0.0,13.0,0.0,23.0,1.0,3.0,0.0,6.0
129,21085515-69f6-4ab0-995f-0f0410a3a84a,2021-12-20,0.0,13.0,2.0,23.0,0.0,4.0,0.0,6.0
130,26738123-4845-4de8-8c9b-b8327caa1398,2021-01-07,0.0,0.0,0.0,0.0,0.0,0.0,1.0,0.0
131,26738123-4845-4de8-8c9b-b8327caa1398,2021-01-20,1.0,0.0,0.0,0.0,0.0,0.0,0.0,1.0
132,26738123-4845-4de8-8c9b-b8327caa1398,2021-01-31,0.0,1.0,0.0,0.0,1.0,0.0,0.0,1.0
133,26738123-4845-4de8-8c9b-b8327caa1398,2021-02-19,0.0,1.0,1.0,0.0,0.0,1.0,0.0,1.0
134,26738123-4845-4de8-8c9b-b8327caa1398,2021-02-20,0.0,1.0,1.0,1.0,0.0,1.0,0.0,1.0
135,26738123-4845-4de8-8c9b-b8327caa1398,2021-03-01,0.0,1.0,0.0,2.0,0.0,1.0,1.0,1.0
136,26738123-4845-4de8-8c9b-b8327caa1398,2021-03-10,1.0,1.0,0.0,2.0,0.0,1.0,0.0,2.0
137,26738123-4845-4de8-8c9b-b8327caa1398,2021-03-13,0.0,2.0,0.0,2.0,1.0,1.0,0.0,2.0
138,26738123-4845-4de8-8c9b-b8327caa1398,2021-03-27,0.0,2.0,0.0,2.0,1.0,2.0,0.0,2.0
139,26738123-4845-4de8-8c9b-b8327caa1398,2021-03-30,0.0,2.0,1.0,2.0,0.0,3.0,0.0,2.0
140,26738123-4845-4de8-8c9b-b8327caa1398,2021-04-03,1.0,2.0,0.0,3.0,0.0,3.0,0.0,2.0
141,26738123-4845-4de8-8c9b-b8327caa1398,2021-04-04,0.0,3.0,1.0,3.0,0.0,3.0,0.0,2.0
142,26738123-4845-4de8-8c9b-b8327caa1398,2021-04-30,1.0,3.0,0.0,4.0,0.0,3.0,0.0,2.0
143,26738123-4845-4de8-8c9b-b8327caa1398,2021-05-02,1.0,4.0,0.0,4.0,0.0,3.0,0.0,2.0
144,26738123-4845-4de8-8c9b-b8327caa1398,2021-05-05,0.0,5.0,1.0,4.0,0.0,3.0,0.0,2.0
145,26738123-4845-4de8-8c9b-b8327caa1398,2021-05-07,1.0,5.0,0.0,5.0,0.0,3.0,0.0,2.0
146,26738123-4845-4de8-8c9b-b8327caa1398,2021-05-11,1.0,6.0,0.0,5.0,0.0,3.0,0.0,2.0
147,26738123-4845-4de8-8c9b-b8327caa1398,2021-05-18,1.0,7.0,0.0,5.0,0.0,3.0,0.0,2.0
148,26738123-4845-4de8-8c9b-b8327caa1398,2021-06-15,0.0,8.0,1.0,5.0,0.0,3.0,0.0,2.0
149,26738123-4845-4de8-8c9b-b8327caa1398,2021-06-16,0.0,8.0,1.0,6.0,0.0,3.0,0.0,2.0
150,26738123-4845-4de8-8c9b-b8327caa1398,2021-07-04,0.0,8.0,0.0,7.0,1.0,3.0,0.0,2.0
151,26738123-4845-4de8-8c9b-b8327caa1398,2021-07-07,1.0,8.0,0.0,7.0,0.0,4.0,0.0,2.0
152,26738123-4845-4de8-8c9b-b8327caa1398,2021-07-13,0.0,9.0,1.0,7.0,0.0,4.0,0.0,2.0
153,26738123-4845-4de8-8c9b-b8327caa1398,2021-07-14,0.0,9.0,1.0,8.0,0.0,4.0,0.0,2.0
154,26738123-4845-4de8-8c9b-b8327caa1398,2021-07-15,0.0,9.0,1.0,9.0,0.0,4.0,0.0,2.0
155,26738123-4845-4de8-8c9b-b8327caa1398,2021-07-17,1.0,9.0,0.0,10.0,0.0,4.0,0.0,2.0
156,26738123-4845-4de8-8c9b-b8327caa1398,2021-07-23,0.0,10.0,1.0,10.0,0.0,4.0,0.0,2.0
157,26738123-4845-4de8-8c9b-b8327caa1398,2021-08-02,0.0,10.0,0.0,11.0,1.0,4.0,0.0,2.0
158,26738123-4845-4de8-8c9b-b8327caa1398,2021-08-14,1.0,10.0,0.0,11.0,0.0,5.0,0.0,2.0
159,26738123-4845-4de8-8c9b-b8327caa1398,2021-08-15,0.0,11.0,1.0,11.0,0.0,5.0,0.0,2.0
160,26738123-4845-4de8-8c9b-b8327caa1398,2021-08-19,1.0,11.0,0.0,12.0,0.0,5.0,0.0,2.0
161,26738123-4845-4de8-8c9b-b8327caa1398,2021-08-24,0.0,12.0,0.0,12.0,0.0,5.0,2.0,2.0
162,26738123-4845-4de8-8c9b-b8327caa1398,2021-09-02,1.0,12.0,0.0,12.0,0.0,5.0,0.0,4.0
163,26738123-4845-4de8-8c9b-b8327caa1398,2021-09-17,0.0,13.0,0.0,12.0,0.0,5.0,1.0,4.0
164,26738123-4845-4de8-8c9b-b8327caa1398,2021-09-30,1.0,13.0,0.0,12.0,0.0,5.0,0.0,5.0
165,26738123-4845-4de8-8c9b-b8327caa1398,2021-10-04,0.0,14.0,1.0,12.0,0.0,5.0,0.0,5.0
166,26738123-4845-4de8-8c9b-b8327caa1398,2021-10-11,1.0,14.0,0.0,13.0,0.0,5.0,0.0,5.0
167,26738123-4845-4de8-8c9b-b8327caa1398,2021-10-25,1.0,15.0,0.0,13.0,0.0,5.0,0.0,5.0
168,26738123-4845-4de8-8c9b-b8327caa1398,2021-10-28,0.0,16.0,0.0,13.0,0.0,5.0,1.0,5.0
169,26738123-4845-4de8-8c9b-b8327caa1398,2021-10-29,0.0,16.0,1.0,13.0,0.0,5.0,0.0,6.0
170,26738123-4845-4de8-8c9b-b8327caa1398,2021-11-05,0.0,16.0,1.0,14.0,0.0,5.0,0.0,6.0
171,26738123-4845-4de8-8c9b-b8327caa1398,2021-11-24,0.0,16.0,1.0,15.0,0.0,5.0,0.0,6.0
172,26738123-4845-4de8-8c9b-b8327caa1398,2021-11-26,0.0,16.0,0.0,16.0,1.0,5.0,0.0,6.0
173,26738123-4845-4de8-8c9b-b8327caa1398,2021-12-23,0.0,16.0,2.0,16.0,0.0,6.0,0.0,6.0
174,26738123-4845-4de8-8c9b-b8327caa1398,2021-12-24,0.0,16.0,1.0,18.0,0.0,6.0,0.0,6.0
175,26738123-4845-4de8-8c9b-b8327caa1398,2021-12-26,1.0,16.0,0.0,19.0,0.0,6.0,0.0,6.0
176,26738123-4845-4de8-8c9b-b8327caa1398,2021-12-27,1.0,17.0,0.0,19.0,0.0,6.0,0.0,6.0
177,2bd3e285-ee07-4a86-839b-07959a5a6138,2021-01-11,0.0,0.0,1.0,0.0,0.0,0.0,0.0,0.0
178,2bd3e285-ee07-4a86-839b-07959a5a6138,2021-01-16,0.0,0.0,0.0,1.0,1.0,0.0,0.0,0.0
179,2bd3e285-ee07-4a86-839b-07959a5a6138,2021-01-22,0.0,0.0,1.0,1.0,0.0,1.0,0.0,0.0
180,2bd3e285-ee07-4a86-839b-07959a5a6138,2021-02-13,1.0,0.0,0.0,2.0,0.0,1.0,0.0,0.0
181,2bd3e285-ee07-4a86-839b-07959a5a6138,2021-02-28,0.0,1.0,1.0,2.0,0.0,1.0,0.0,0.0
182,2bd3e285-ee07-4a86-839b-07959a5a6138,2021-03-04,0.0,1.0,1.0,3.0,0.0,1.0,0.0,0.0
183,2bd3e285-ee07-4a86-839b-07959a5a6138,2021-03-05,0.0,1.0,0.0,4.0,0.0,1.0,1.0,0.0
184,2bd3e285-ee07-4a86-839b-07959a5a6138,2021-03-18,0.0,1.0,1.0,4.0,0.0,1.0,0.0,1.0
185,2bd3e285-ee07-4a86-839b-07959a5a6138,2021-03-27,0.0,1.0,0.0,5.0,0.0,1.0,1.0,1.0
186,2bd3e285-ee07-4a86-839b-07959a5a6138,2021-05-01,0.0,1.0,1.0,5.0,0.0,1.0,0.0,2.0
187,2bd3e285-ee07-4a86-839b-07959a5a6138,2021-05-12,1.0,1.0,0.0,6.0,0.0,1.0,0.0,2.0
188,2bd3e285-ee07-4a86-839b-07959a5a6138,2021-05-21,1.0,2.0,0.0,6.0,0.0,1.0,0.0,2.0
189,2bd3e285-ee07-4a86-839b-07959a5a6138,2021-05-30,0.0,3.0,0.0,6.0,0.0,1.0,1.0,2.0
190,2bd3e285-ee07-4a86-839b-07959a5a6138,2021-06-10,0.0,3.0,0.0,6.0,0.0,1.0,1.0,3.0
191,2bd3e285-ee07-4a86-839b-07959a5a6138,2021-06-21,0.0,3.0,1.0,6.0,0.0,1.0,0.0,4.0
192,2bd3e285-ee07-4a86-839b-07959a5a6138,2021-06-24,1.0,3.0,0.0,7.0,0.0,1.0,0.0,4.0
193,2bd3e285-ee07-4a86-839b-07959a5a6138,2021-07-03,0.0,4.0,0.0,7.0,1.0,1.0,1.0,4.0
194,2bd3e285-ee07-4a86-839b-07959a5a6138,2021-07-12,0.0,4.0,0.0,7.0,0.0,2.0,1.0,5.0
195,2bd3e285-ee07-4a86-839b-07959a5a6138,2021-07-17,0.0,4.0,0.0,7.0,0.0,2.0,1.0,6.0
196,2bd3e285-ee07-4a86-839b-07959a5a6138,2021-08-28,0.0,4.0,0.0,7.0,0.0,2.0,1.0,7.0
197,2bd3e285-ee07-4a86-839b-07959a5a6138,2021-08-30,0.0,4.0,1.0,7.0,0.0,2.0,0.0,8.0
198,2bd3e285-ee07-4a86-839b-07959a5a6138,2021-09-06,0.0,4.0,1.0,8.0,0.0,2.0,0.0,8.0
199,2bd3e285-ee07-4a86-839b-07959a5a6138,2021-09-25,0.0,4.0,1.0,9.0,0.0,2.0,0.0,8.0
200,2bd3e285-ee07-4a86-839b-07959a5a6138,2021-10-09,0.0,4.0,1.0,10.0,0.0,2.0,0.0,8.0
201,2bd3e285-ee07-4a86-839b-07959a5a6138,2021-10-18,1.0,4.0,0.0,11.0,0.0,2.0,0.0,8.0
202,2bd3e285-ee07-4a86-839b-07959a5a6138,2021-10-19,0.0,5.0,1.0,11.0,0.0,2.0,0.0,8.0
203,2bd3e285-ee07-4a86-839b-07959a5a6138,2021-10-22,0.0,5.0,1.0,12.0,0.0,2.0,0.0,8.0
204,2bd3e285-ee07-4a86-839b-07959a5a6138,2021-10-29,0.0,5.0,0.0,13.0,1.0,2.0,0.0,8.0
205,2bd3e285-ee07-4a86-839b-07959a5a6138,2021-11-08,1.0,5.0,0.0,13.0,0.0,3.0,0.0,8.0
206,2bd3e285-ee07-4a86-839b-07959a5a6138,2021-11-14,0.0,6.0,1.0,13.0,0.0,3.0,0.0,8.0
207,2bd3e285-ee07-4a86-839b-07959a5a6138,2021-11-17,0.0,6.0,1.0,14.0,0.0,3.0,0.0,8.0
208,2bd3e285-ee07-4a86-839b-07959a5a6138,2021-11-18,1.0,6.0,0.0,15.0,0.0,3.0,0.0,8.0
209,2bd3e285-ee07-4a86-839b-07959a5a6138,2021-11-19,0.0,7.0,1.0,15.0,0.0,3.0,0.0,8.0
210,2bd3e285-ee07-4a86-839b-07959a5a6138,2021-12-03,0.0,7.0,0.0,16.0,0.0,3.0,1.0,8.0
211,2bd3e285-ee07-4a86-839b-07959a5a6138,2021-12-04,0.0,7.0,1.0,16.0,0.0,3.0,0.0,9.0
212,2bd3e285-ee07-4a86-839b-07959a5a6138,2021-12-12,0.0,7.0,0.0,17.0,0.0,3.0,1.0,9.0
213,2bd3e285-ee07-4a86-839b-07959a5a6138,2021-12-13,0.0,7.0,0.0,17.0,0.0,3.0,1.0,10.0
214,2bd3e285-ee07-4a86-839b-07959a5a6138,2021-12-14,1.0,7.0,1.0,17.0,0.0,3.0,0.0,11.0
215,2bd3e285-ee07-4a86-839b-07959a5a6138,2021-12-23,1.0,8.0,0.0,18.0,0.0,3.0,0.0,11.0
216,340606ad-abfe-43a7-83d3-d0df67cc91a1,2021-01-06,0.0,0.0,0.0,0.0,0.0,0.0,1.0,0.0
217,340606ad-abfe-43a7-83d3-d0df67cc91a1,2021-01-09,1.0,0.0,0.0,0.0,0.0,0.0,0.0,1.0
218,340606ad-abfe-43a7-83d3-d0df67cc91a1,2021-01-13,1.0,1.0,0.0,0.0,0.0,0.0,0.0,1.0
219,340606ad-abfe-43a7-83d3-d0df67cc91a1,2021-01-17,0.0,2.0,1.0,0.0,0.0,0.0,0.0,1.0
220,340606ad-abfe-43a7-83d3-d0df67cc91a1,2021-01-22,0.0,2.0,1.0,1.0,0.0,0.0,0.0,1.0
221,340606ad-abfe-43a7-83d3-d0df67cc91a1,2021-01-26,0.0,2.0,0.0,2.0,0.0,0.0,1.0,1.0
222,340606ad-abfe-43a7-83d3-d0df67cc91a1,2021-01-29,1.0,2.0,0.0,2.0,0.0,0.0,0.0,2.0
223,340606ad-abfe-43a7-83d3-d0df67cc91a1,2021-02-26,0.0,3.0,0.0,2.0,0.0,0.0,1.0,2.0
224,340606ad-abfe-43a7-83d3-d0df67cc91a1,2021-02-27,0.0,3.0,1.0,2.0,0.0,0.0,0.0,3.0
225,340606ad-abfe-43a7-83d3-d0df67cc91a1,2021-03-05,1.0,3.0,0.0,3.0,0.0,0.0,0.0,3.0
226,340606ad-abfe-43a7-83d3-d0df67cc91a1,2021-03-07,0.0,4.0,1.0,3.0,0.0,0.0,0.0,3.0
227,340606ad-abfe-43a7-83d3-d0df67cc91a1,2021-03-10,1.0,4.0,0.0,4.0,0.0,0.0,0.0,3.0
228,340606ad-abfe-43a7-83d3-d0df67cc91a1,2021-03-12,0.0,5.0,0.0,4.0,0.0,0.0,1.0,3.0
229,340606ad-abfe-43a7-83d3-d0df67cc91a1,2021-03-21,0.0,5.0,0.0,4.0,0.0,0.0,1.0,4.0
230,340606ad-abfe-43a7-83d3-d0df67cc91a1,2021-04-03,0.0,5.0,1.0,4.0,0.0,0.0,0.0,5.0
231,340606ad-abfe-43a7-83d3-d0df67cc91a1,2021-04-07,0.0,5.0,0.0,5.0,0.0,0.0,1.0,5.0
232,340606ad-abfe-43a7-83d3-d0df67cc91a1,2021-04-08,0.0,5.0,1.0,5.0,0.0,0.0,0.0,6.0
233,340606ad-abfe-43a7-83d3-d0df67cc91a1,2021-04-21,0.0,5.0,0.0,6.0,1.0,0.0,0.0,6.0
234,340606ad-abfe-43a7-83d3-d0df67cc91a1,2021-04-30,0.0,5.0,1.0,6.0,0.0,1.0,0.0,6.0
235,340606ad-abfe-43a7-83d3-d0df67cc91a1,2021-05-02,0.0,5.0,0.0,7.0,0.0,1.0,1.0,6.0
236,340606ad-abfe-43a7-83d3-d0df67cc91a1,2021-05-24,0.0,5.0,1.0,7.0,0.0,1.0,0.0,7.0
237,340606ad-abfe-43a7-83d3-d0df67cc91a1,2021-05-28,0.0,5.0,1.0,8.0,0.0,1.0,0.0,7.0
238,340606ad-abfe-43a7-83d3-d0df67cc91a1,2021-05-31,1.0,5.0,0.0,9.0,0.0,1.0,0.0,7.0
239,340606ad-abfe-43a7-83d3-d0df67cc91a1,2021-06-18,0.0,6.0,1.0,9.0,0.0,1.0,0.0,7.0
240,340606ad-abfe-43a7-83d3-d0df67cc91a1,2021-07-28,0.0,6.0,0.0,10.0,1.0,1.0,0.0,7.0
241,340606ad-abfe-43a7-83d3-d0df67cc91a1,2021-08-01,0.0,6.0,1.0,10.0,0.0,2.0,0.0,7.0
242,340606ad-abfe-43a7-83d3-d0df67cc91a1,2021-08-05,1.0,6.0,0.0,11.0,0.0,2.0,0.0,7.0
243,340606ad-abfe-43a7-83d3-d0df67cc91a1,2021-08-08,0.0,7.0,1.0,11.0,0.0,2.0,0.0,7.0
244,340606ad-abfe-43a7-83d3-d0df67cc91a1,2021-08-11,0.0,7.0,1.0,12.0,0.0,2.0,0.0,7.0
245,340606ad-abfe-43a7-83d3-d0df67cc91a1,2021-09-22,0.0,7.0,0.0,13.0,1.0,2.0,0.0,7.0
246,340606ad-abfe-43a7-83d3-d0df67cc91a1,2021-10-04,0.0,7.0,2.0,13.0,0.0,3.0,0.0,7.0
247,340606ad-abfe-43a7-83d3-d0df67cc91a1,2021-10-29,0.0,7.0,0.0,15.0,0.0,3.0,1.0,7.0
248,340606ad-abfe-43a7-83d3-d0df67cc91a1,2021-10-31,0.0,7.0,1.0,15.0,0.0,3.0,0.0,8.0
249,340606ad-abfe-43a7-83d3-d0df67cc91a1,2021-11-14,0.0,7.0,0.0,16.0,0.0,3.0,1.0,8.0
250,340606ad-abfe-43a7-83d3-d0df67cc91a1,2021-11-16,0.0,7.0,1.0,16.0,0.0,3.0,0.0,9.0
251,340606ad-abfe-43a7-83d3-d0df67cc91a1,2021-11-17,0.0,7.0,0.0,17.0,0.0,3.0,1.0,9.0
252,340606ad-abfe-43a7-83d3-d0df67cc91a1,2021-11-18,0.0,7.0,0.0,17.0,1.0,3.0,0.0,10.0
253,340606ad-abfe-43a7-83d3-d0df67cc91a1,2021-11-28,0.0,7.0,1.0,17.0,0.0,4.0,0.0,10.0
254,340606ad-abfe-43a7-83d3-d0df67cc91a1,2021-12-02,0.0,7.0,2.0,18.0,0.0,4.0,0.0,10.0
255,340606ad-abfe-43a7-83d3-d0df67cc91a1,2021-12-07,0.0,7.0,0.0,20.0,1.0,4.0,0.0,10.0
256,3aa1efae-8e39-4b55-bb25-8b7b61fbccd5,2021-01-22,1.0,0.0,0.0,0.0,0.0,0.0,0.0,0.0
257,3aa1efae-8e39-4b55-bb25-8b7b61fbccd5,2021-01-31,1.0,1.0,0.0,0.0,0.0,0.0,0.0,0.0
258,3aa1efae-8e39-4b55-bb25-8b7b61fbccd5,2021-02-04,0.0,2.0,1.0,0.0,0.0,0.0,0.0,0.0
259,3aa1efae-8e39-4b55-bb25-8b7b61fbccd5,2021-02-13,1.0,2.0,0.0,1.0,0.0,0.0,0.0,0.0
260,3aa1efae-8e39-4b55-bb25-8b7b61fbccd5,2021-03-17,0.0,3.0,0.0,1.0,0.0,0.0,1.0,0.0
261,3aa1efae-8e39-4b55-bb25-8b7b61fbccd5,2021-03-29,0.0,3.0,0.0,1.0,1.0,0.0,0.0,1.0
262,3aa1efae-8e39-4b55-bb25-8b7b61fbccd5,2021-05-16,0.0,3.0,1.0,1.0,0.0,1.0,0.0,1.0
263,3aa1efae-8e39-4b55-bb25-8b7b61fbccd5,2021-05-21,0.0,3.0,0.0,2.0,0.0,1.0,1.0,1.0
264,3aa1efae-8e39-4b55-bb25-8b7b61fbccd5,2021-05-31,0.0,3.0,0.0,2.0,1.0,1.0,0.0,2.0
265,3aa1efae-8e39-4b55-bb25-8b7b61fbccd5,2021-06-05,0.0,3.0,0.0,2.0,0.0,2.0,1.0,2.0
266,3aa1efae-8e39-4b55-bb25-8b7b61fbccd5,2021-06-13,1.0,3.0,0.0,2.0,0.0,2.0,0.0,3.0
267,3aa1efae-8e39-4b55-bb25-8b7b61fbccd5,2021-06-22,0.0,4.0,0.0,2.0,0.0,2.0,1.0,3.0
268,3aa1efae-8e39-4b55-bb25-8b7b61fbccd5,2021-07-02,1.0,4.0,0.0,2.0,0.0,2.0,0.0,4.0
269,3aa1efae-8e39-4b55-bb25-8b7b61fbccd5,2021-07-06,0.0,5.0,0.0,2.0,1.0,2.0,0.0,4.0
270,3aa1efae-8e39-4b55-bb25-8b7b61fbccd5,2021-07-15,1.0,5.0,0.0,2.0,0.0,3.0,0.0,4.0
271,3aa1efae-8e39-4b55-bb25-8b7b61fbccd5,2021-07-22,0.0,6.0,0.0,2.0,1.0,3.0,0.0,4.0
272,3aa1efae-8e39-4b55-bb25-8b7b61fbccd5,2021-08-01,0.0,6.0,1.0,2.0,0.0,4.0,0.0,4.0
273,3aa1efae-8e39-4b55-bb25-8b7b61fbccd5,2021-08-24,0.0,6.0,1.0,3.0,0.0,4.0,0.0,4.0
274,3aa1efae-8e39-4b55-bb25-8b7b61fbccd5,2021-09-02,0.0,6.0,0.0,4.0,0.0,4.0,1.0,4.0
275,3aa1efae-8e39-4b55-bb25-8b7b61fbccd5,2021-09-09,0.0,6.0,1.0,4.0,0.0,4.0,0.0,5.0
276,3aa1efae-8e39-4b55-bb25-8b7b61fbccd5,2021-10-25,0.0,6.0,0.0,5.0,0.0,4.0,1.0,5.0
277,3aa1efae-8e39-4b55-bb25-8b7b61fbccd5,2021-10-29,1.0,6.0,0.0,5.0,0.0,4.0,0.0,6.0
278,3aa1efae-8e39-4b55-bb25-8b7b61fbccd5,2021-10-31,1.0,7.0,0.0,5.0,0.0,4.0,0.0,6.0
279,3aa1efae-8e39-4b55-bb25-8b7b61fbccd5,2021-11-02,0.0,8.0,1.0,5.0,0.0,4.0,0.0,6.0
280,3aa1efae-8e39-4b55-bb25-8b7b61fbccd5,2021-11-08,0.0,8.0,0.0,6.0,1.0,4.0,0.0,6.0
281,3aa1efae-8e39-4b55-bb25-8b7b61fbccd5,2021-11-10,1.0,8.0,0.0,6.0,0.0,5.0,0.0,6.0
282,3aa1efae-8e39-4b55-bb25-8b7b61fbccd5,2021-11-12,1.0,9.0,0.0,6.0,0.0,5.0,0.0,6.0
283,3aa1efae-8e39-4b55-bb25-8b7b61fbccd5,2021-11-28,1.0,10.0,0.0,6.0,0.0,5.0,0.0,6.0
284,3aa1efae-8e39-4b55-bb25-8b7b61fbccd5,2021-12-06,1.0,11.0,0.0,6.0,0.0,5.0,0.0,6.0
285,3aa1efae-8e39-4b55-bb25-8b7b61fbccd5,2021-12-09,0.0,12.0,0.0,6.0,1.0,5.0,0.0,6.0
286,3aa1efae-8e39-4b55-bb25-8b7b61fbccd5,2021-12-10,0.0,12.0,1.0,6.0,0.0,6.0,0.0,6.0
287,3aa1efae-8e39-4b55-bb25-8b7b61fbccd5,2021-12-15,0.0,12.0,1.0,7.0,0.0,6.0,0.0,6.0
288,3aa1efae-8e39-4b55-bb25-8b7b61fbccd5,2021-12-17,0.0,12.0,1.0,8.0,0.0,6.0,0.0,6.0
289,6b1208dc-d7c5-470e-a80b-1a8edd0d8c6f,2021-01-04,0.0,0.0,0.0,0.0,1.0,0.0,0.0,0.0
290,6b1208dc-d7c5-470e-a80b-1a8edd0d8c6f,2021-01-16,0.0,0.0,1.0,0.0,0.0,1.0,0.0,0.0
291,6b1208dc-d7c5-470e-a80b-1a8edd0d8c6f,2021-02-06,0.0,0.0,1.0,1.0,0.0,1.0,0.0,0.0
292,6b1208dc-d7c5-470e-a80b-1a8edd0d8c6f,2021-02-14,0.0,0.0,0.0,2.0,0.0,1.0,1.0,0.0
293,6b1208dc-d7c5-470e-a80b-1a8edd0d8c6f,2021-02-23,0.0,0.0,1.0,2.0,0.0,1.0,0.0,1.0
294,6b1208dc-d7c5-470e-a80b-1a8edd0d8c6f,2021-03-04,0.0,0.0,1.0,3.0,0.0,1.0,0.0,1.0
295,6b1208dc-d7c5-470e-a80b-1a8edd0d8c6f,2021-03-11,0.0,0.0,1.0,4.0,0.0,1.0,0.0,1.0
296,6b1208dc-d7c5-470e-a80b-1a8edd0d8c6f,2021-04-01,1.0,0.0,0.0,5.0,0.0,1.0,0.0,1.0
297,6b1208dc-d7c5-470e-a80b-1a8edd0d8c6f,2021-04-05,0.0,1.0,0.0,5.0,0.0,1.0,1.0,1.0
298,6b1208dc-d7c5-470e-a80b-1a8edd0d8c6f,2021-06-04,1.0,1.0,0.0,5.0,0.0,1.0,0.0,2.0
299,6b1208dc-d7c5-470e-a80b-1a8edd0d8c6f,2021-07-10,0.0,2.0,1.0,5.0,0.0,1.0,0.0,2.0
300,6b1208dc-d7c5-470e-a80b-1a8edd0d8c6f,2021-07-12,0.0,2.0,1.0,6.0,0.0,1.0,0.0,2.0
301,6b1208dc-d7c5-470e-a80b-1a8edd0d8c6f,2021-07-13,0.0,2.0,0.0,7.0,0.0,1.0,1.0,2.0
302,6b1208dc-d7c5-470e-a80b-1a8edd0d8c6f,2021-07-30,0.0,2.0,1.0,7.0,0.0,1.0,0.0,3.0
303,6b1208dc-d7c5-470e-a80b-1a8edd0d8c6f,2021-07-31,0.0,2.0,1.0,8.0,0.0,1.0,0.0,3.0
304,6b1208dc-d7c5-470e-a80b-1a8edd0d8c6f,2021-08-21,0.0,2.0,0.0,9.0,0.0,1.0,1.0,3.0
305,6b1208dc-d7c5-470e-a80b-1a8edd0d8c6f,2021-08-30,0.0,2.0,1.0,9.0,0.0,1.0,0.0,4.0
306,6b1208dc-d7c5-470e-a80b-1a8edd0d8c6f,2021-09-30,1.0,2.0,0.0,10.0,0.0,1.0,0.0,4.0
307,6b1208dc-d7c5-470e-a80b-1a8edd0d8c6f,2021-10-08,0.0,3.0,1.0,10.0,0.0,1.0,0.0,4.0
308,6b1208dc-d7c5-470e-a80b-1a8edd0d8c6f,2021-10-11,0.0,3.0,1.0,11.0,0.0,1.0,0.0,4.0
309,6b1208dc-d7c5-470e-a80b-1a8edd0d8c6f,2021-10-20,0.0,3.0,1.0,12.0,0.0,1.0,0.0,4.0
310,6b1208dc-d7c5-470e-a80b-1a8edd0d8c6f,2021-10-21,1.0,3.0,0.0,13.0,0.0,1.0,0.0,4.0
311,6b1208dc-d7c5-470e-a80b-1a8edd0d8c6f,2021-10-27,0.0,4.0,0.0,13.0,0.0,1.0,1.0,4.0
312,6b1208dc-d7c5-470e-a80b-1a8edd0d8c6f,2021-11-02,1.0,4.0,0.0,13.0,0.0,1.0,0.0,5.0
313,6b1208dc-d7c5-470e-a80b-1a8edd0d8c6f,2021-11-09,1.0,5.0,1.0,13.0,0.0,1.0,0.0,5.0
314,6b1208dc-d7c5-470e-a80b-1a8edd0d8c6f,2021-11-27,0.0,6.0,1.0,14.0,0.0,1.0,0.0,5.0
315,6b1208dc-d7c5-470e-a80b-1a8edd0d8c6f,2021-12-18,0.0,6.0,0.0,15.0,1.0,1.0,0.0,5.0
316,6b1208dc-d7c5-470e-a80b-1a8edd0d8c6f,2021-12-22,0.0,6.0,1.0,15.0,0.0,2.0,0.0,5.0
317,6b1208dc-d7c5-470e-a80b-1a8edd0d8c6f,2021-12-26,1.0,6.0,0.0,16.0,0.0,2.0,0.0,5.0
318,761afff7-776f-43f4-895b-7ac399853486,2021-01-24,0.0,0.0,1.0,0.0,0.0,0.0,0.0,0.0
319,761afff7-776f-43f4-895b-7ac399853486,2021-02-03,1.0,0.0,0.0,1.0,0.0,0.0,0.0,0.0
320,761afff7-776f-43f4-895b-7ac399853486,2021-02-06,1.0,1.0,0.0,1.0,0.0,0.0,0.0,0.0
321,761afff7-776f-43f4-895b-7ac399853486,2021-02-21,0.0,2.0,1.0,1.0,0.0,0.0,0.0,0.0
322,761afff7-776f-43f4-895b-7ac399853486,2021-02-25,0.0,2.0,0.0,2.0,0.0,0.0,1.0,0.0
323,761afff7-776f-43f4-895b-7ac399853486,2021-03-02,0.0,2.0,1.0,2.0,0.0,0.0,0.0,1.0
324,761afff7-776f-43f4-895b-7ac399853486,2021-03-30,0.0,2.0,1.0,3.0,0.0,0.0,0.0,1.0
325,761afff7-776f-43f4-895b-7ac399853486,2021-04-07,0.0,2.0,1.0,4.0,0.0,0.0,0.0,1.0
326,761afff7-776f-43f4-895b-7ac399853486,2021-04-09,1.0,2.0,0.0,5.0,0.0,0.0,0.0,1.0
327,761afff7-776f-43f4-895b-7ac399853486,2021-04-10,0.0,3.0,1.0,5.0,0.0,0.0,0.0,1.0
328,761afff7-776f-43f4-895b-7ac399853486,2021-04-24,1.0,3.0,0.0,6.0,0.0,0.0,0.0,1.0
329,761afff7-776f-43f4-895b-7ac399853486,2021-04-30,1.0,4.0,0.0,6.0,0.0,0.0,0.0,1.0
330,761afff7-776f-43f4-895b-7ac399853486,2021-05-10,0.0,5.0,0.0,6.0,0.0,0.0,1.0,1.0
331,761afff7-776f-43f4-895b-7ac399853486,2021-05-13,0.0,5.0,1.0,6.0,0.0,0.0,0.0,2.0
332,761afff7-776f-43f4-895b-7ac399853486,2021-05-15,0.0,5.0,1.0,7.0,0.0,0.0,0.0,2.0
333,761afff7-776f-43f4-895b-7ac399853486,2021-05-18,0.0,5.0,1.0,8.0,0.0,0.0,0.0,2.0
334,761afff7-776f-43f4-895b-7ac399853486,2021-06-02,1.0,5.0,0.0,9.0,0.0,0.0,0.0,2.0
335,761afff7-776f-43f4-895b-7ac399853486,2021-06-04,0.0,6.0,0.0,9.0,1.0,0.0,0.0,2.0
336,761afff7-776f-43f4-895b-7ac399853486,2021-06-06,1.0,6.0,0.0,9.0,0.0,1.0,0.0,2.0
337,761afff7-776f-43f4-895b-7ac399853486,2021-06-11,0.0,7.0,0.0,9.0,1.0,1.0,0.0,2.0
338,761afff7-776f-43f4-895b-7ac399853486,2021-06-14,0.0,7.0,0.0,9.0,0.0,2.0,1.0,2.0
339,761afff7-776f-43f4-895b-7ac399853486,2021-06-19,0.0,7.0,0.0,9.0,0.0,2.0,1.0,3.0
340,761afff7-776f-43f4-895b-7ac399853486,2021-07-03,0.0,7.0,0.0,9.0,1.0,2.0,0.0,4.0
341,761afff7-776f-43f4-895b-7ac399853486,2021-07-06,0.0,7.0,1.0,9.0,0.0,3.0,0.0,4.0
342,761afff7-776f-43f4-895b-7ac399853486,2021-07-25,0.0,7.0,0.0,10.0,1.0,3.0,0.0,4.0
343,761afff7-776f-43f4-895b-7ac399853486,2021-08-10,0.0,7.0,1.0,10.0,0.0,4.0,0.0,4.0
344,761afff7-776f-43f4-895b-7ac399853486,2021-08-27,0.0,7.0,1.0,11.0,0.0,4.0,0.0,4.0
345,761afff7-776f-43f4-895b-7ac399853486,2021-09-06,0.0,7.0,0.0,12.0,0.0,4.0,1.0,4.0
346,761afff7-776f-43f4-895b-7ac399853486,2021-09-13,0.0,7.0,1.0,12.0,0.0,4.0,0.0,5.0
347,761afff7-776f-43f4-895b-7ac399853486,2021-09-17,0.0,7.0,0.0,13.0,0.0,4.0,1.0,5.0
348,761afff7-776f-43f4-895b-7ac399853486,2021-09-23,0.0,7.0,1.0,13.0,0.0,4.0,0.0,6.0
349,761afff7-776f-43f4-895b-7ac399853486,2021-09-25,1.0,7.0,0.0,14.0,0.0,4.0,1.0,6.0
350,761afff7-776f-43f4-895b-7ac399853486,2021-09-26,1.0,8.0,1.0,14.0,0.0,4.0,0.0,7.0
351,761afff7-776f-43f4-895b-7ac399853486,2021-09-27,1.0,9.0,0.0,15.0,0.0,4.0,0.0,7.0
352,761afff7-776f-43f4-895b-7ac399853486,2021-10-07,0.0,10.0,1.0,15.0,0.0,4.0,1.0,7.0
353,761afff7-776f-43f4-895b-7ac399853486,2021-10-10,0.0,10.0,1.0,16.0,0.0,4.0,1.0,8.0
354,761afff7-776f-43f4-895b-7ac399853486,2021-10-17,1.0,10.0,0.0,17.0,0.0,4.0,0.0,9.0
355,761afff7-776f-43f4-895b-7ac399853486,2021-10-22,0.0,11.0,1.0,17.0,0.0,4.0,0.0,9.0
356,761afff7-776f-43f4-895b-7ac399853486,2021-11-11,1.0,11.0,1.0,18.0,0.0,4.0,0.0,9.0
357,761afff7-776f-43f4-895b-7ac399853486,2021-11-16,1.0,12.0,0.0,19.0,0.0,4.0,0.0,9.0
358,761afff7-776f-43f4-895b-7ac399853486,2021-12-07,0.0,13.0,0.0,19.0,1.0,4.0,0.0,9.0
359,761afff7-776f-43f4-895b-7ac399853486,2021-12-10,1.0,13.0,0.0,19.0,0.0,5.0,0.0,9.0
360,761afff7-776f-43f4-895b-7ac399853486,2021-12-24,0.0,14.0,1.0,19.0,0.0,5.0,0.0,9.0
361,761afff7-776f-43f4-895b-7ac399853486,2021-12-28,0.0,14.0,1.0,20.0,0.0,5.0,1.0,9.0
362,89b25ab2-5c46-449d-9d84-9ab013ef4cb1,2021-01-03,0.0,0.0,0.0,0.0,0.0,0.0,1.0,0.0
363,89b25ab2-5c46-449d-9d84-9ab013ef4cb1,2021-01-05,0.0,0.0,1.0,0.0,0.0,0.0,0.0,1.0
364,89b25ab2-5c46-449d-9d84-9ab013ef4cb1,2021-01-11,1.0,0.0,0.0,1.0,0.0,0.0,1.0,1.0
365,89b25ab2-5c46-449d-9d84-9ab013ef4cb1,2021-01-27,0.0,1.0,0.0,1.0,1.0,0.0,0.0,2.0
366,89b25ab2-5c46-449d-9d84-9ab013ef4cb1,2021-03-01,0.0,1.0,0.0,1.0,0.0,1.0,1.0,2.0
367,89b25ab2-5c46-449d-9d84-9ab013ef4cb1,2021-03-08,0.0,1.0,0.0,1.0,0.0,1.0,1.0,3.0
368,89b25ab2-5c46-449d-9d84-9ab013ef4cb1,2021-03-12,0.0,1.0,1.0,1.0,0.0,1.0,0.0,4.0
369,89b25ab2-5c46-449d-9d84-9ab013ef4cb1,2021-03-21,0.0,1.0,1.0,2.0,0.0,1.0,0.0,4.0
370,89b25ab2-5c46-449d-9d84-9ab013ef4cb1,2021-03-28,0.0,1.0,1.0,3.0,0.0,1.0,0.0,4.0
371,89b25ab2-5c46-449d-9d84-9ab013ef4cb1,2021-04-07,0.0,1.0,0.0,4.0,1.0,1.0,0.0,4.0
372,89b25ab2-5c46-449d-9d84-9ab013ef4cb1,2021-04-16,0.0,1.0,1.0,4.0,0.0,2.0,0.0,4.0
373,89b25ab2-5c46-449d-9d84-9ab013ef4cb1,2021-05-05,0.0,1.0,1.0,5.0,0.0,2.0,0.0,4.0
374,89b25ab2-5c46-449d-9d84-9ab013ef4cb1,2021-05-07,0.0,1.0,1.0,6.0,0.0,2.0,0.0,4.0
375,89b25ab2-5c46-449d-9d84-9ab013ef4cb1,2021-05-09,0.0,1.0,1.0,7.0,0.0,2.0,0.0,4.0
376,89b25ab2-5c46-449d-9d84-9ab013ef4cb1,2021-05-11,0.0,1.0,0.0,8.0,0.0,2.0,1.0,4.0
377,89b25ab2-5c46-449d-9d84-9ab013ef4cb1,2021-05-17,1.0,1.0,0.0,8.0,0.0,2.0,0.0,5.0
378,89b25ab2-5c46-449d-9d84-9ab013ef4cb1,2021-06-06,0.0,2.0,1.0,8.0,0.0,2.0,0.0,5.0
379,89b25ab2-5c46-449d-9d84-9ab013ef4cb1,2021-07-15,1.0,2.0,0.0,9.0,0.0,2.0,0.0,5.0
380,89b25ab2-5c46-449d-9d84-9ab013ef4cb1,2021-08-10,0.0,3.0,1.0,9.0,0.0,2.0,0.0,5.0
381,89b25ab2-5c46-449d-9d84-9ab013ef4cb1,2021-08-12,0.0,3.0,1.0,10.0,0.0,2.0,0.0,5.0
382,89b25ab2-5c46-449d-9d84-9ab013ef4cb1,2021-08-15,1.0,3.0,0.0,11.0,0.0,2.0,0.0,5.0
383,89b25ab2-5c46-449d-9d84-9ab013ef4cb1,2021-08-31,0.0,4.0,1.0,11.0,0.0,2.0,0.0,5.0
384,89b25ab2-5c46-449d-9d84-9ab013ef4cb1,2021-09-03,0.0,4.0,0.0,12.0,0.0,2.0,1.0,5.0
385,89b25ab2-5c46-449d-9d84-9ab013ef4cb1,2021-09-19,0.0,4.0,1.0,12.0,0.0,2.0,0.0,6.0
386,89b25ab2-5c46-449d-9d84-9ab013ef4cb1,2021-09-21,1.0,4.0,0.0,13.0,0.0,2.0,0.0,6.0
387,89b25ab2-5c46-449d-9d84-9ab013ef4cb1,2021-10-05,0.0,5.0,0.0,13.0,0.0,2.0,1.0,6.0
388,89b25ab2-5c46-449d-9d84-9ab013ef4cb1,2021-10-10,0.0,5.0,1.0,13.0,0.0,2.0,0.0,7.0
389,89b25ab2-5c46-449d-9d84-9ab013ef4cb1,2021-10-13,0.0,5.0,1.0,14.0,0.0,2.0,0.0,7.0
390,89b25ab2-5c46-449d-9d84-9ab013ef4cb1,2021-11-02,1.0,5.0,0.0,15.0,0.0,2.0,0.0,7.0
391,89b25ab2-5c46-449d-9d84-9ab013ef4cb1,2021-11-13,0.0,6.0,1.0,15.0,0.0,2.0,0.0,7.0
392,89b25ab2-5c46-449d-9d84-9ab013ef4cb1,2021-11-17,1.0,6.0,0.0,16.0,0.0,2.0,0.0,7.0
393,89b25ab2-5c46-449d-9d84-9ab013ef4cb1,2021-11-20,0.0,7.0,0.0,16.0,1.0,2.0,0.0,7.0
394,89b25ab2-5c46-449d-9d84-9ab013ef4cb1,2021-11-23,2.0,7.0,0.0,16.0,0.0,3.0,0.0,7.0
395,89b25ab2-5c46-449d-9d84-9ab013ef4cb1,2021-11-26,1.0,9.0,0.0,16.0,0.0,3.0,0.0,7.0
396,89b25ab2-5c46-449d-9d84-9ab013ef4cb1,2021-12-14,0.0,10.0,0.0,16.0,1.0,3.0,0.0,7.0
397,89b25ab2-5c46-449d-9d84-9ab013ef4cb1,2021-12-16,0.0,10.0,0.0,16.0,1.0,4.0,0.0,7.0
398,89b25ab2-5c46-449d-9d84-9ab013ef4cb1,2021-12-18,1.0,10.0,0.0,16.0,0.0,5.0,0.0,7.0
399,89b25ab2-5c46-449d-9d84-9ab013ef4cb1,2021-12-29,1.0,11.0,0.0,16.0,0.0,5.0,0.0,7.0
400,972fc5ad-ebe1-4b5e-8c24-992656fc9904,2021-01-06,0.0,0.0,2.0,0.0,0.0,0.0,0.0,0.0
401,972fc5ad-ebe1-4b5e-8c24-992656fc9904,2021-01-16,1.0,0.0,0.0,2.0,0.0,0.0,0.0,0.0
402,972fc5ad-ebe1-4b5e-8c24-992656fc9904,2021-01-20,0.0,1.0,1.0,2.0,0.0,0.0,0.0,0.0
403,972fc5ad-ebe1-4b5e-8c24-992656fc9904,2021-01-29,0.0,1.0,0.0,3.0,1.0,0.0,0.0,0.0
404,972fc5ad-ebe1-4b5e-8c24-992656fc9904,2021-02-07,0.0,1.0,1.0,3.0,0.0,1.0,0.0,0.0
405,972fc5ad-ebe1-4b5e-8c24-992656fc9904,2021-02-16,0.0,1.0,0.0,4.0,0.0,1.0,1.0,0.0
406,972fc5ad-ebe1-4b5e-8c24-992656fc9904,2021-02-21,0.0,1.0,1.0,4.0,0.0,1.0,0.0,1.0
407,972fc5ad-ebe1-4b5e-8c24-992656fc9904,2021-02-28,1.0,1.0,0.0,5.0,0.0,1.0,0.0,1.0
408,972fc5ad-ebe1-4b5e-8c24-992656fc9904,2021-03-03,0.0,2.0,1.0,5.0,0.0,1.0,0.0,1.0
409,972fc5ad-ebe1-4b5e-8c24-992656fc9904,2021-04-17,0.0,2.0,0.0,6.0,0.0,1.0,1.0,1.0
410,972fc5ad-ebe1-4b5e-8c24-992656fc9904,2021-05-09,0.0,2.0,1.0,6.0,0.0,1.0,0.0,2.0
411,972fc5ad-ebe1-4b5e-8c24-992656fc9904,2021-05-10,1.0,2.0,0.0,7.0,0.0,1.0,0.0,2.0
412,972fc5ad-ebe1-4b5e-8c24-992656fc9904,2021-05-20,0.0,3.0,0.0,7.0,1.0,1.0,0.0,2.0
413,972fc5ad-ebe1-4b5e-8c24-992656fc9904,2021-05-26,0.0,3.0,0.0,7.0,0.0,2.0,1.0,2.0
414,972fc5ad-ebe1-4b5e-8c24-992656fc9904,2021-05-28,0.0,3.0,0.0,7.0,0.0,2.0,1.0,3.0
415,972fc5ad-ebe1-4b5e-8c24-992656fc9904,2021-06-05,0.0,3.0,1.0,7.0,0.0,2.0,0.0,4.0
416,972fc5ad-ebe1-4b5e-8c24-992656fc9904,2021-06-11,0.0,3.0,1.0,8.0,0.0,2.0,0.0,4.0
417,972fc5ad-ebe1-4b5e-8c24-992656fc9904,2021-06-22,0.0,3.0,1.0,9.0,0.0,2.0,0.0,4.0
418,972fc5ad-ebe1-4b5e-8c24-992656fc9904,2021-06-29,0.0,3.0,0.0,10.0,0.0,2.0,1.0,4.0
419,972fc5ad-ebe1-4b5e-8c24-992656fc9904,2021-07-05,0.0,3.0,0.0,10.0,0.0,2.0,1.0,5.0
420,972fc5ad-ebe1-4b5e-8c24-992656fc9904,2021-07-14,0.0,3.0,0.0,10.0,1.0,2.0,0.0,6.0
421,972fc5ad-ebe1-4b5e-8c24-992656fc9904,2021-08-05,1.0,3.0,0.0,10.0,0.0,3.0,0.0,6.0
422,972fc5ad-ebe1-4b5e-8c24-992656fc9904,2021-08-06,0.0,4.0,1.0,10.0,0.0,3.0,0.0,6.0
423,972fc5ad-ebe1-4b5e-8c24-992656fc9904,2021-08-20,0.0,4.0,0.0,11.0,0.0,3.0,1.0,6.0
424,972fc5ad-ebe1-4b5e-8c24-992656fc9904,2021-08-31,1.0,4.0,0.0,11.0,0.0,3.0,1.0,7.0
425,972fc5ad-ebe1-4b5e-8c24-992656fc9904,2021-09-06,1.0,5.0,0.0,11.0,0.0,3.0,1.0,8.0
426,972fc5ad-ebe1-4b5e-8c24-992656fc9904,2021-09-13,0.0,6.0,0.0,11.0,0.0,3.0,1.0,9.0
427,972fc5ad-ebe1-4b5e-8c24-992656fc9904,2021-09-22,0.0,6.0,1.0,11.0,0.0,3.0,0.0,10.0
428,972fc5ad-ebe1-4b5e-8c24-992656fc9904,2021-09-24,0.0,6.0,0.0,12.0,1.0,3.0,0.0,10.0
429,972fc5ad-ebe1-4b5e-8c24-992656fc9904,2021-10-01,1.0,6.0,0.0,12.0,0.0,4.0,0.0,10.0
430,972fc5ad-ebe1-4b5e-8c24-992656fc9904,2021-10-03,0.0,7.0,1.0,12.0,0.0,4.0,0.0,10.0
431,972fc5ad-ebe1-4b5e-8c24-992656fc9904,2021-10-05,0.0,7.0,1.0,13.0,0.0,4.0,0.0,10.0
432,972fc5ad-ebe1-4b5e-8c24-992656fc9904,2021-10-13,0.0,7.0,0.0,14.0,0.0,4.0,1.0,10.0
433,972fc5ad-ebe1-4b5e-8c24-992656fc9904,2021-10-29,0.0,7.0,0.0,14.0,0.0,4.0,1.0,11.0
434,972fc5ad-ebe1-4b5e-8c24-992656fc9904,2021-10-31,1.0,7.0,0.0,14.0,0.0,4.0,0.0,12.0
435,972fc5ad-ebe1-4b5e-8c24-992656fc9904,2021-11-02,0.0,8.0,0.0,14.0,0.0,4.0,1.0,12.0
436,972fc5ad-ebe1-4b5e-8c24-992656fc9904,2021-12-12,0.0,8.0,1.0,14.0,0.0,4.0,0.0,13.0
437,972fc5ad-ebe1-4b5e-8c24-992656fc9904,2021-12-14,0.0,8.0,1.0,15.0,0.0,4.0,0.0,13.0
438,972fc5ad-ebe1-4b5e-8c24-992656fc9904,2021-12-19,0.0,8.0,1.0,16.0,0.0,4.0,0.0,13.0
439,972fc5ad-ebe1-4b5e-8c24-992656fc9904,2021-12-20,0.0,8.0,0.0,17.0,1.0,4.0,0.0,13.0
440,ba93f9b1-3b91-4990-80b8-9b5003d5d52c,2021-01-07,0.0,0.0,1.0,0.0,0.0,0.0,0.0,0.0
441,ba93f9b1-3b91-4990-80b8-9b5003d5d52c,2021-01-24,0.0,0.0,0.0,1.0,0.0,0.0,1.0,0.0
442,ba93f9b1-3b91-4990-80b8-9b5003d5d52c,2021-01-30,0.0,0.0,1.0,1.0,0.0,0.0,0.0,1.0
443,ba93f9b1-3b91-4990-80b8-9b5003d5d52c,2021-02-16,0.0,0.0,1.0,2.0,0.0,0.0,0.0,1.0
444,ba93f9b1-3b91-4990-80b8-9b5003d5d52c,2021-02-20,1.0,0.0,0.0,3.0,0.0,0.0,0.0,1.0
445,ba93f9b1-3b91-4990-80b8-9b5003d5d52c,2021-02-23,0.0,1.0,1.0,3.0,0.0,0.0,0.0,1.0
446,ba93f9b1-3b91-4990-80b8-9b5003d5d52c,2021-03-15,0.0,1.0,1.0,4.0,0.0,0.0,0.0,1.0
447,ba93f9b1-3b91-4990-80b8-9b5003d5d52c,2021-03-16,0.0,1.0,1.0,5.0,0.0,0.0,0.0,1.0
448,ba93f9b1-3b91-4990-80b8-9b5003d5d52c,2021-03-17,0.0,1.0,0.0,6.0,0.0,0.0,1.0,1.0
449,ba93f9b1-3b91-4990-80b8-9b5003d5d52c,2021-03-28,0.0,1.0,1.0,6.0,0.0,0.0,0.0,2.0
450,ba93f9b1-3b91-4990-80b8-9b5003d5d52c,2021-04-02,1.0,1.0,0.0,7.0,0.0,0.0,0.0,2.0
451,ba93f9b1-3b91-4990-80b8-9b5003d5d52c,2021-04-07,1.0,2.0,0.0,7.0,0.0,0.0,0.0,2.0
452,ba93f9b1-3b91-4990-80b8-9b5003d5d52c,2021-04-15,0.0,3.0,1.0,7.0,1.0,0.0,0.0,2.0
453,ba93f9b1-3b91-4990-80b8-9b5003d5d52c,2021-04-19,0.0,3.0,0.0,8.0,1.0,1.0,0.0,2.0
454,ba93f9b1-3b91-4990-80b8-9b5003d5d52c,2021-04-30,0.0,3.0,0.0,8.0,0.0,2.0,1.0,2.0
455,ba93f9b1-3b91-4990-80b8-9b5003d5d52c,2021-05-04,0.0,3.0,0.0,8.0,1.0,2.0,0.0,3.0
456,ba93f9b1-3b91-4990-80b8-9b5003d5d52c,2021-06-02,0.0,3.0,1.0,8.0,0.0,3.0,0.0,3.0
457,ba93f9b1-3b91-4990-80b8-9b5003d5d52c,2021-06-12,0.0,3.0,0.0,9.0,1.0,3.0,0.0,3.0
458,ba93f9b1-3b91-4990-80b8-9b5003d5d52c,2021-06-16,1.0,3.0,0.0,9.0,0.0,4.0,0.0,3.0
459,ba93f9b1-3b91-4990-80b8-9b5003d5d52c,2021-06-18,0.0,4.0,1.0,9.0,0.0,4.0,0.0,3.0
460,ba93f9b1-3b91-4990-80b8-9b5003d5d52c,2021-07-01,0.0,4.0,1.0,10.0,0.0,4.0,0.0,3.0
461,ba93f9b1-3b91-4990-80b8-9b5003d5d52c,2021-07-02,1.0,4.0,1.0,11.0,0.0,4.0,0.0,3.0
462,ba93f9b1-3b91-4990-80b8-9b5003d5d52c,2021-07-20,1.0,5.0,0.0,12.0,0.0,4.0,0.0,3.0
463,ba93f9b1-3b91-4990-80b8-9b5003d5d52c,2021-07-23,0.0,6.0,0.0,12.0,0.0,4.0,1.0,3.0
464,ba93f9b1-3b91-4990-80b8-9b5003d5d52c,2021-08-06,0.0,6.0,1.0,12.0,0.0,4.0,0.0,4.0
465,ba93f9b1-3b91-4990-80b8-9b5003d5d52c,2021-08-09,0.0,6.0,1.0,13.0,0.0,4.0,0.0,4.0
466,ba93f9b1-3b91-4990-80b8-9b5003d5d52c,2021-08-11,1.0,6.0,0.0,14.0,0.0,4.0,0.0,4.0
467,ba93f9b1-3b91-4990-80b8-9b5003d5d52c,2021-08-14,0.0,7.0,1.0,14.0,0.0,4.0,0.0,4.0
468,ba93f9b1-3b91-4990-80b8-9b5003d5d52c,2021-08-30,0.0,7.0,0.0,15.0,1.0,4.0,0.0,4.0
469,ba93f9b1-3b91-4990-80b8-9b5003d5d52c,2021-09-05,0.0,7.0,0.0,15.0,1.0,5.0,0.0,4.0
470,ba93f9b1-3b91-4990-80b8-9b5003d5d52c,2021-09-11,1.0,7.0,0.0,15.0,0.0,6.0,0.0,4.0
471,ba93f9b1-3b91-4990-80b8-9b5003d5d52c,2021-09-12,1.0,8.0,0.0,15.0,0.0,6.0,0.0,4.0
472,ba93f9b1-3b91-4990-80b8-9b5003d5d52c,2021-09-17,0.0,9.0,0.0,15.0,1.0,6.0,0.0,4.0
473,ba93f9b1-3b91-4990-80b8-9b5003d5d52c,2021-09-20,0.0,9.0,0.0,15.0,1.0,7.0,0.0,4.0
474,ba93f9b1-3b91-4990-80b8-9b5003d5d52c,2021-09-21,1.0,9.0,0.0,15.0,0.0,8.0,0.0,4.0
475,ba93f9b1-3b91-4990-80b8-9b5003d5d52c,2021-10-14,0.0,10.0,1.0,15.0,0.0,8.0,0.0,4.0
476,ba93f9b1-3b91-4990-80b8-9b5003d5d52c,2021-10-18,1.0,10.0,0.0,16.0,0.0,8.0,0.0,4.0
477,ba93f9b1-3b91-4990-80b8-9b5003d5d52c,2021-10-23,0.0,11.0,1.0,16.0,0.0,8.0,0.0,4.0
478,ba93f9b1-3b91-4990-80b8-9b5003d5d52c,2021-10-25,1.0,11.0,0.0,17.0,0.0,8.0,0.0,4.0
479,ba93f9b1-3b91-4990-80b8-9b5003d5d52c,2021-10-31,0.0,12.0,1.0,17.0,0.0,8.0,0.0,4.0
480,ba93f9b1-3b91-4990-80b8-9b5003d5d52c,2021-11-01,0.0,12.0,1.0,18.0,0.0,8.0,1.0,4.0
481,ba93f9b1-3b91-4990-80b8-9b5003d5d52c,2021-11-05,1.0,12.0,0.0,19.0,0.0,8.0,0.0,5.0
482,ba93f9b1-3b91-4990-80b8-9b5003d5d52c,2021-11-28,0.0,13.0,0.0,19.0,0.0,8.0,1.0,5.0
483,ba93f9b1-3b91-4990-80b8-9b5003d5d52c,2021-12-09,0.0,13.0,0.0,19.0,1.0,8.0,0.0,6.0
484,bd3507fb-f218-492d-8a77-61cedfcddc2b,2021-01-10,0.0,0.0,1.0,0.0,0.0,0.0,0.0,0.0
485,bd3507fb-f218-492d-8a77-61cedfcddc2b,2021-01-12,0.0,0.0,0.0,1.0,0.0,0.0,1.0,0.0
486,bd3507fb-f218-492d-8a77-61cedfcddc2b,2021-01-15,1.0,0.0,0.0,1.0,0.0,0.0,0.0,1.0
487,bd3507fb-f218-492d-8a77-61cedfcddc2b,2021-01-22,0.0,1.0,1.0,1.0,0.0,0.0,0.0,1.0
488,bd3507fb-f218-492d-8a77-61cedfcddc2b,2021-02-09,1.0,1.0,0.0,2.0,0.0,0.0,0.0,1.0
489,bd3507fb-f218-492d-8a77-61cedfcddc2b,2021-02-20,1.0,2.0,0.0,2.0,0.0,0.0,0.0,1.0
490,bd3507fb-f218-492d-8a77-61cedfcddc2b,2021-02-27,0.0,3.0,2.0,2.0,0.0,0.0,0.0,1.0
491,bd3507fb-f218-492d-8a77-61cedfcddc2b,2021-02-28,0.0,3.0,1.0,4.0,0.0,0.0,0.0,1.0
492,bd3507fb-f218-492d-8a77-61cedfcddc2b,2021-03-01,1.0,3.0,0.0,5.0,0.0,0.0,0.0,1.0
493,bd3507fb-f218-492d-8a77-61cedfcddc2b,2021-03-02,1.0,4.0,0.0,5.0,0.0,0.0,0.0,1.0
494,bd3507fb-f218-492d-8a77-61cedfcddc2b,2021-03-08,0.0,5.0,1.0,5.0,0.0,0.0,0.0,1.0
495,bd3507fb-f218-492d-8a77-61cedfcddc2b,2021-03-12,0.0,5.0,0.0,6.0,1.0,0.0,0.0,1.0
496,bd3507fb-f218-492d-8a77-61cedfcddc2b,2021-03-27,1.0,5.0,0.0,6.0,0.0,1.0,0.0,1.0
497,bd3507fb-f218-492d-8a77-61cedfcddc2b,2021-04-15,1.0,6.0,0.0,6.0,1.0,1.0,0.0,1.0
498,bd3507fb-f218-492d-8a77-61cedfcddc2b,2021-05-10,0.0,7.0,1.0,6.0,0.0,2.0,0.0,1.0
499,bd3507fb-f218-492d-8a77-61cedfcddc2b,2021-05-17,0.0,7.0,0.0,7.0,1.0,2.0,0.0,1.0
500,bd3507fb-f218-492d-8a77-61cedfcddc2b,2021-06-08,0.0,7.0,1.0,7.0,0.0,3.0,0.0,1.0
501,bd3507fb-f218-492d-8a77-61cedfcddc2b,2021-06-10,1.0,7.0,0.0,8.0,1.0,3.0,0.0,1.0
502,bd3507fb-f218-492d-8a77-61cedfcddc2b,2021-06-11,0.0,8.0,1.0,8.0,0.0,4.0,0.0,1.0
503,bd3507fb-f218-492d-8a77-61cedfcddc2b,2021-06-12,1.0,8.0,0.0,9.0,0.0,4.0,0.0,1.0
504,bd3507fb-f218-492d-8a77-61cedfcddc2b,2021-06-27,0.0,9.0,0.0,9.0,0.0,4.0,1.0,1.0
505,bd3507fb-f218-492d-8a77-61cedfcddc2b,2021-07-01,0.0,9.0,0.0,9.0,0.0,4.0,1.0,2.0
506,bd3507fb-f218-492d-8a77-61cedfcddc2b,2021-07-05,0.0,9.0,1.0,9.0,0.0,4.0,0.0,3.0
507,bd3507fb-f218-492d-8a77-61cedfcddc2b,2021-07-11,1.0,9.0,0.0,10.0,0.0,4.0,0.0,3.0
508,bd3507fb-f218-492d-8a77-61cedfcddc2b,2021-08-05,0.0,10.0,1.0,10.0,0.0,4.0,0.0,3.0
509,bd3507fb-f218-492d-8a77-61cedfcddc2b,2021-08-13,0.0,10.0,1.0,11.0,0.0,4.0,0.0,3.0
510,bd3507fb-f218-492d-8a77-61cedfcddc2b,2021-09-01,0.0,10.0,0.0,12.0,0.0,4.0,1.0,3.0
511,bd3507fb-f218-492d-8a77-61cedfcddc2b,2021-10-09,0.0,10.0,0.0,12.0,1.0,4.0,0.0,4.0
512,bd3507fb-f218-492d-8a77-61cedfcddc2b,2021-10-30,1.0,10.0,0.0,12.0,0.0,5.0,0.0,4.0
513,bd3507fb-f218-492d-8a77-61cedfcddc2b,2021-11-03,0.0,11.0,0.0,12.0,0.0,5.0,1.0,4.0
514,bd3507fb-f218-492d-8a77-61cedfcddc2b,2021-11-06,0.0,11.0,0.0,12.0,0.0,5.0,1.0,5.0
515,bd3507fb-f218-492d-8a77-61cedfcddc2b,2021-11-10,0.0,11.0,1.0,12.0,0.0,5.0,0.0,6.0
516,bd3507fb-f218-492d-8a77-61cedfcddc2b,2021-12-19,0.0,11.0,0.0,13.0,0.0,5.0,1.0,6.0
517,bd3507fb-f218-492d-8a77-61cedfcddc2b,2021-12-24,1.0,11.0,0.0,13.0,0.0,5.0,0.0,7.0
518,be6a8505-47b9-470b-8762-bd8879de4c5e,2021-01-06,0.0,0.0,0.0,0.0,1.0,0.0,0.0,0.0
519,be6a8505-47b9-470b-8762-bd8879de4c5e,2021-01-07,0.0,0.0,0.0,0.0,0.0,1.0,1.0,0.0
520,be6a8505-47b9-470b-8762-bd8879de4c5e,2021-01-12,0.0,0.0,0.0,0.0,0.0,1.0,1.0,1.0
521,be6a8505-47b9-470b-8762-bd8879de4c5e,2021-01-18,1.0,0.0,0.0,0.0,0.0,1.0,0.0,2.0
522,be6a8505-47b9-470b-8762-bd8879de4c5e,2021-01-21,0.0,1.0,1.0,0.0,0.0,1.0,0.0,2.0
523,be6a8505-47b9-470b-8762-bd8879de4c5e,2021-02-02,0.0,1.0,0.0,1.0,1.0,1.0,0.0,2.0
524,be6a8505-47b9-470b-8762-bd8879de4c5e,2021-02-03,1.0,1.0,0.0,1.0,0.0,2.0,0.0,2.0
525,be6a8505-47b9-470b-8762-bd8879de4c5e,2021-02-10,0.0,2.0,1.0,1.0,0.0,2.0,0.0,2.0
526,be6a8505-47b9-470b-8762-bd8879de4c5e,2021-02-16,1.0,2.0,0.0,2.0,0.0,2.0,0.0,2.0
527,be6a8505-47b9-470b-8762-bd8879de4c5e,2021-02-23,0.0,3.0,0.0,2.0,0.0,2.0,1.0,2.0
528,be6a8505-47b9-470b-8762-bd8879de4c5e,2021-02-25,0.0,3.0,0.0,2.0,0.0,2.0,1.0,3.0
529,be6a8505-47b9-470b-8762-bd8879de4c5e,2021-03-18,0.0,3.0,1.0,2.0,0.0,2.0,0.0,4.0
530,be6a8505-47b9-470b-8762-bd8879de4c5e,2021-03-28,1.0,3.0,0.0,3.0,0.0,2.0,0.0,4.0
531,be6a8505-47b9-470b-8762-bd8879de4c5e,2021-04-04,0.0,4.0,1.0,3.0,0.0,2.0,0.0,4.0
532,be6a8505-47b9-470b-8762-bd8879de4c5e,2021-04-12,0.0,4.0,0.0,4.0,1.0,2.0,0.0,4.0
533,be6a8505-47b9-470b-8762-bd8879de4c5e,2021-04-16,0.0,4.0,0.0,4.0,0.0,3.0,1.0,4.0
534,be6a8505-47b9-470b-8762-bd8879de4c5e,2021-04-27,0.0,4.0,0.0,4.0,1.0,3.0,0.0,5.0
535,be6a8505-47b9-470b-8762-bd8879de4c5e,2021-04-29,0.0,4.0,0.0,4.0,0.0,4.0,1.0,5.0
536,be6a8505-47b9-470b-8762-bd8879de4c5e,2021-04-30,0.0,4.0,0.0,4.0,0.0,4.0,1.0,6.0
537,be6a8505-47b9-470b-8762-bd8879de4c5e,2021-05-06,0.0,4.0,1.0,4.0,0.0,4.0,0.0,7.0
538,be6a8505-47b9-470b-8762-bd8879de4c5e,2021-05-09,0.0,4.0,0.0,5.0,0.0,4.0,1.0,7.0
539,be6a8505-47b9-470b-8762-bd8879de4c5e,2021-05-13,0.0,4.0,1.0,5.0,0.0,4.0,0.0,8.0
540,be6a8505-47b9-470b-8762-bd8879de4c5e,2021-05-16,1.0,4.0,0.0,6.0,0.0,4.0,0.0,8.0
541,be6a8505-47b9-470b-8762-bd8879de4c5e,2021-06-21,0.0,5.0,1.0,6.0,0.0,4.0,0.0,8.0
542,be6a8505-47b9-470b-8762-bd8879de4c5e,2021-06-30,0.0,5.0,1.0,7.0,0.0,4.0,0.0,8.0
543,be6a8505-47b9-470b-8762-bd8879de4c5e,2021-07-11,0.0,5.0,0.0,8.0,0.0,4.0,1.0,8.0
544,be6a8505-47b9-470b-8762-bd8879de4c5e,2021-08-03,0.0,5.0,0.0,8.0,1.0,4.0,0.0,9.0
545,be6a8505-47b9-470b-8762-bd8879de4c5e,2021-08-05,1.0,5.0,0.0,8.0,0.0,5.0,0.0,9.0
546,be6a8505-47b9-470b-8762-bd8879de4c5e,2021-08-12,1.0,6.0,0.0,8.0,1.0,5.0,0.0,9.0
547,be6a8505-47b9-470b-8762-bd8879de4c5e,2021-08-28,1.0,7.0,0.0,8.0,0.0,6.0,0.0,9.0
548,be6a8505-47b9-470b-8762-bd8879de4c5e,2021-08-30,0.0,8.0,1.0,8.0,0.0,6.0,0.0,9.0
549,be6a8505-47b9-470b-8762-bd8879de4c5e,2021-09-01,0.0,8.0,1.0,9.0,0.0,6.0,0.0,9.0
550,be6a8505-47b9-470b-8762-bd8879de4c5e,2021-09-03,0.0,8.0,1.0,10.0,0.0,6.0,0.0,9.0
551,be6a8505-47b9-470b-8762-bd8879de4c5e,2021-09-04,0.0,8.0,1.0,11.0,1.0,6.0,0.0,9.0
552,be6a8505-47b9-470b-8762-bd8879de4c5e,2021-09-10,0.0,8.0,1.0,12.0,0.0,7.0,0.0,9.0
553,be6a8505-47b9-470b-8762-bd8879de4c5e,2021-09-18,1.0,8.0,0.0,13.0,0.0,7.0,0.0,9.0
554,be6a8505-47b9-470b-8762-bd8879de4c5e,2021-10-01,0.0,9.0,1.0,13.0,0.0,7.0,0.0,9.0
555,be6a8505-47b9-470b-8762-bd8879de4c5e,2021-10-04,0.0,9.0,0.0,14.0,1.0,7.0,0.0,9.0
556,be6a8505-47b9-470b-8762-bd8879de4c5e,2021-10-11,0.0,9.0,1.0,14.0,0.0,8.0,0.0,9.0
557,be6a8505-47b9-470b-8762-bd8879de4c5e,2021-10-12,1.0,9.0,0.0,15.0,0.0,8.0,0.0,9.0
558,be6a8505-47b9-470b-8762-bd8879de4c5e,2021-10-17,0.0,10.0,1.0,15.0,0.0,8.0,0.0,9.0
559,be6a8505-47b9-470b-8762-bd8879de4c5e,2021-10-20,1.0,10.0,0.0,16.0,0.0,8.0,0.0,9.0
560,be6a8505-47b9-470b-8762-bd8879de4c5e,2021-10-23,0.0,11.0,1.0,16.0,0.0,8.0,1.0,9.0
561,be6a8505-47b9-470b-8762-bd8879de4c5e,2021-10-26,0.0,11.0,0.0,17.0,1.0,8.0,0.0,10.0
562,be6a8505-47b9-470b-8762-bd8879de4c5e,2021-11-04,0.0,11.0,1.0,17.0,0.0,9.0,0.0,10.0
563,be6a8505-47b9-470b-8762-bd8879de4c5e,2021-11-11,1.0,11.0,0.0,18.0,0.0,9.0,0.0,10.0
564,be6a8505-47b9-470b-8762-bd8879de4c5e,2021-11-24,1.0,12.0,0.0,18.0,0.0,9.0,0.0,10.0
565,be6a8505-47b9-470b-8762-bd8879de4c5e,2021-12-15,1.0,13.0,0.0,18.0,0.0,9.0,0.0,10.0
566,be6a8505-47b9-470b-8762-bd8879de4c5e,2021-12-24,0.0,14.0,1.0,18.0,0.0,9.0,0.0,10.0
567,d42710bd-8654-4267-9106-f216690d0b61,2021-01-16,0.0,0.0,1.0,0.0,0.0,0.0,0.0,0.0
568,d42710bd-8654-4267-9106-f216690d0b61,2021-01-27,1.0,0.0,0.0,1.0,0.0,0.0,0.0,0.0
569,d42710bd-8654-4267-9106-f216690d0b61,2021-01-31,0.0,1.0,1.0,1.0,0.0,0.0,0.0,0.0
570,d42710bd-8654-4267-9106-f216690d0b61,2021-03-04,1.0,1.0,0.0,2.0,0.0,0.0,0.0,0.0
571,d42710bd-8654-4267-9106-f216690d0b61,2021-03-06,1.0,2.0,0.0,2.0,0.0,0.0,0.0,0.0
572,d42710bd-8654-4267-9106-f216690d0b61,2021-03-08,1.0,3.0,0.0,2.0,0.0,0.0,0.0,0.0
573,d42710bd-8654-4267-9106-f216690d0b61,2021-03-12,0.0,4.0,1.0,2.0,0.0,0.0,0.0,0.0
574,d42710bd-8654-4267-9106-f216690d0b61,2021-04-08,1.0,4.0,0.0,3.0,0.0,0.0,0.0,0.0
575,d42710bd-8654-4267-9106-f216690d0b61,2021-05-04,0.0,5.0,1.0,3.0,0.0,0.0,0.0,0.0
576,d42710bd-8654-4267-9106-f216690d0b61,2021-05-08,1.0,5.0,0.0,4.0,0.0,0.0,0.0,0.0
577,d42710bd-8654-4267-9106-f216690d0b61,2021-05-20,0.0,6.0,0.0,4.0,0.0,0.0,1.0,0.0
578,d42710bd-8654-4267-9106-f216690d0b61,2021-05-26,0.0,6.0,1.0,4.0,0.0,0.0,0.0,1.0
579,d42710bd-8654-4267-9106-f216690d0b61,2021-06-01,0.0,6.0,0.0,5.0,0.0,0.0,1.0,1.0
580,d42710bd-8654-4267-9106-f216690d0b61,2021-06-09,0.0,6.0,0.0,5.0,1.0,0.0,0.0,2.0
581,d42710bd-8654-4267-9106-f216690d0b61,2021-06-13,0.0,6.0,1.0,5.0,0.0,1.0,0.0,2.0
582,d42710bd-8654-4267-9106-f216690d0b61,2021-07-01,0.0,6.0,0.0,6.0,0.0,1.0,1.0,2.0
583,d42710bd-8654-4267-9106-f216690d0b61,2021-07-05,0.0,6.0,1.0,6.0,0.0,1.0,0.0,3.0
584,d42710bd-8654-4267-9106-f216690d0b61,2021-07-18,0.0,6.0,1.0,7.0,0.0,1.0,0.0,3.0
585,d42710bd-8654-4267-9106-f216690d0b61,2021-08-01,0.0,6.0,2.0,8.0,0.0,1.0,0.0,3.0
586,d42710bd-8654-4267-9106-f216690d0b61,2021-08-22,1.0,6.0,0.0,10.0,0.0,1.0,0.0,3.0
587,d42710bd-8654-4267-9106-f216690d0b61,2021-08-28,1.0,7.0,0.0,10.0,0.0,1.0,0.0,3.0
588,d42710bd-8654-4267-9106-f216690d0b61,2021-09-04,0.0,8.0,1.0,10.0,0.0,1.0,0.0,3.0
589,d42710bd-8654-4267-9106-f216690d0b61,2021-09-18,0.0,8.0,1.0,11.0,0.0,1.0,0.0,3.0
590,d42710bd-8654-4267-9106-f216690d0b61,2021-09-20,0.0,8.0,1.0,12.0,0.0,1.0,0.0,3.0
591,d42710bd-8654-4267-9106-f216690d0b61,2021-10-07,0.0,8.0,1.0,13.0,0.0,1.0,0.0,3.0
592,d42710bd-8654-4267-9106-f216690d0b61,2021-10-18,1.0,8.0,0.0,14.0,0.0,1.0,0.0,3.0
593,d42710bd-8654-4267-9106-f216690d0b61,2021-10-19,0.0,9.0,1.0,14.0,0.0,1.0,0.0,3.0
594,d42710bd-8654-4267-9106-f216690d0b61,2021-10-21,0.0,9.0,1.0,15.0,0.0,1.0,0.0,3.0
595,d42710bd-8654-4267-9106-f216690d0b61,2021-10-27,1.0,9.0,0.0,16.0,0.0,1.0,0.0,3.0
596,d42710bd-8654-4267-9106-f216690d0b61,2021-10-30,1.0,10.0,0.0,16.0,0.0,1.0,0.0,3.0
597,d42710bd-8654-4267-9106-f216690d0b61,2021-10-31,0.0,11.0,1.0,16.0,0.0,1.0,0.0,3.0
598,d42710bd-8654-4267-9106-f216690d0b61,2021-11-11,0.0,11.0,1.0,17.0,0.0,1.0,0.0,3.0
599,d42710bd-8654-4267-9106-f216690d0b61,2021-11-29,0.0,11.0,0.0,18.0,1.0,1.0,0.0,3.0
600,d42710bd-8654-4267-9106-f216690d0b61,2021-12-01,0.0,11.0,0.0,18.0,1.0,2.0,0.0,3.0
601,d42710bd-8654-4267-9106-f216690d0b61,2021-12-14,0.0,11.0,1.0,18.0,0.0,3.0,0.0,3.0
602,d42710bd-8654-4267-9106-f216690d0b61,2021-12-22,0.0,11.0,1.0,19.0,0.0,3.0,0.0,3.0
603,e29b9996-1c3b-4f7d-a1a8-1e05f620d974,2021-01-16,1.0,0.0,0.0,0.0,0.0,0.0,0.0,0.0
604,e29b9996-1c3b-4f7d-a1a8-1e05f620d974,2021-01-29,0.0,1.0,0.0,0.0,0.0,0.0,1.0,0.0
605,e29b9996-1c3b-4f7d-a1a8-1e05f620d974,2021-02-14,1.0,1.0,0.0,0.0,0.0,0.0,0.0,1.0
606,e29b9996-1c3b-4f7d-a1a8-1e05f620d974,2021-02-15,1.0,2.0,0.0,0.0,0.0,0.0,0.0,1.0
607,e29b9996-1c3b-4f7d-a1a8-1e05f620d974,2021-02-20,1.0,3.0,0.0,0.0,0.0,0.0,0.0,1.0
608,e29b9996-1c3b-4f7d-a1a8-1e05f620d974,2021-03-11,0.0,4.0,1.0,0.0,0.0,0.0,0.0,1.0
609,e29b9996-1c3b-4f7d-a1a8-1e05f620d974,2021-03-28,0.0,4.0,0.0,1.0,0.0,0.0,1.0,1.0
610,e29b9996-1c3b-4f7d-a1a8-1e05f620d974,2021-04-18,0.0,4.0,1.0,1.0,0.0,0.0,0.0,2.0
611,e29b9996-1c3b-4f7d-a1a8-1e05f620d974,2021-04-30,0.0,4.0,0.0,2.0,1.0,0.0,0.0,2.0
612,e29b9996-1c3b-4f7d-a1a8-1e05f620d974,2021-05-30,0.0,4.0,1.0,2.0,0.0,1.0,0.0,2.0
613,e29b9996-1c3b-4f7d-a1a8-1e05f620d974,2021-06-09,0.0,4.0,1.0,3.0,0.0,1.0,0.0,2.0
614,e29b9996-1c3b-4f7d-a1a8-1e05f620d974,2021-06-16,1.0,4.0,0.0,4.0,0.0,1.0,0.0,2.0
615,e29b9996-1c3b-4f7d-a1a8-1e05f620d974,2021-06-21,0.0,5.0,0.0,4.0,1.0,1.0,0.0,2.0
616,e29b9996-1c3b-4f7d-a1a8-1e05f620d974,2021-06-22,0.0,5.0,1.0,4.0,0.0,2.0,0.0,2.0
617,e29b9996-1c3b-4f7d-a1a8-1e05f620d974,2021-07-07,1.0,5.0,0.0,5.0,0.0,2.0,0.0,2.0
618,e29b9996-1c3b-4f7d-a1a8-1e05f620d974,2021-07-28,0.0,6.0,1.0,5.0,0.0,2.0,0.0,2.0
619,e29b9996-1c3b-4f7d-a1a8-1e05f620d974,2021-07-30,0.0,6.0,0.0,6.0,1.0,2.0,0.0,2.0
620,e29b9996-1c3b-4f7d-a1a8-1e05f620d974,2021-08-12,1.0,6.0,0.0,6.0,0.0,3.0,0.0,2.0
621,e29b9996-1c3b-4f7d-a1a8-1e05f620d974,2021-08-14,0.0,7.0,0.0,6.0,0.0,3.0,1.0,2.0
622,e29b9996-1c3b-4f7d-a1a8-1e05f620d974,2021-08-18,0.0,7.0,1.0,6.0,0.0,3.0,0.0,3.0
623,e29b9996-1c3b-4f7d-a1a8-1e05f620d974,2021-08-21,0.0,7.0,2.0,7.0,0.0,3.0,0.0,3.0
624,e29b9996-1c3b-4f7d-a1a8-1e05f620d974,2021-08-23,0.0,7.0,0.0,9.0,1.0,3.0,0.0,3.0
625,e29b9996-1c3b-4f7d-a1a8-1e05f620d974,2021-08-25,0.0,7.0,1.0,9.0,0.0,4.0,0.0,3.0
626,e29b9996-1c3b-4f7d-a1a8-1e05f620d974,2021-09-01,0.0,7.0,0.0,10.0,0.0,4.0,1.0,3.0
627,e29b9996-1c3b-4f7d-a1a8-1e05f620d974,2021-09-18,0.0,7.0,0.0,10.0,0.0,4.0,1.0,4.0
628,e29b9996-1c3b-4f7d-a1a8-1e05f620d974,2021-09-23,0.0,7.0,0.0,10.0,0.0,4.0,1.0,5.0
629,e29b9996-1c3b-4f7d-a1a8-1e05f620d974,2021-09-30,1.0,7.0,0.0,10.0,0.0,4.0,0.0,6.0
630,e29b9996-1c3b-4f7d-a1a8-1e05f620d974,2021-10-05,0.0,8.0,0.0,10.0,0.0,4.0,1.0,6.0
631,e29b9996-1c3b-4f7d-a1a8-1e05f620d974,2021-10-06,0.0,8.0,0.0,10.0,1.0,4.0,0.0,7.0
632,e29b9996-1c3b-4f7d-a1a8-1e05f620d974,2021-10-22,0.0,8.0,1.0,10.0,0.0,5.0,0.0,7.0
633,e29b9996-1c3b-4f7d-a1a8-1e05f620d974,2021-11-24,0.0,8.0,1.0,11.0,0.0,5.0,0.0,7.0
634,e29b9996-1c3b-4f7d-a1a8-1e05f620d974,2021-11-25,0.0,8.0,1.0,12.0,0.0,5.0,0.0,7.0
635,e29b9996-1c3b-4f7d-a1a8-1e05f620d974,2021-11-26,0.0,8.0,0.0,13.0,1.0,5.0,0.0,7.0
636,e29b9996-1c3b-4f7d-a1a8-1e05f620d974,2021-11-28,0.0,8.0,1.0,13.0,0.0,6.0,0.0,7.0
637,e29b9996-1c3b-4f7d-a1a8-1e05f620d974,2021-11-29,0.0,8.0,0.0,14.0,0.0,6.0,1.0,7.0
638,e29b9996-1c3b-4f7d-a1a8-1e05f620d974,2021-12-11,0.0,8.0,1.0,14.0,0.0,6.0,0.0,8.0
639,e29b9996-1c3b-4f7d-a1a8-1e05f620d974,2021-12-13,0.0,8.0,1.0,15.0,0.0,6.0,0.0,8.0
640,e29b9996-1c3b-4f7d-a1a8-1e05f620d974,2021-12-14,0.0,8.0,0.0,16.0,0.0,6.0,1.0,8.0
641,e29b9996-1c3b-4f7d-a1a8-1e05f620d974,2021-12-17,1.0,8.0,0.0,16.0,0.0,6.0,0.0,9.0
642,e29b9996-1c3b-4f7d-a1a8-1e05f620d974,2021-12-31,0.0,9.0,1.0,16.0,0.0,6.0,0.0,9.0
643,e4052db0-9763-4b99-9c40-78c685ff0931,2021-01-06,0.0,0.0,1.0,0.0,0.0,0.0,0.0,0.0
644,e4052db0-9763-4b99-9c40-78c685ff0931,2021-01-22,1.0,0.0,0.0,1.0,0.0,0.0,0.0,0.0
645,e4052db0-9763-4b99-9c40-78c685ff0931,2021-02-12,0.0,1.0,0.0,1.0,1.0,0.0,0.0,0.0
646,e4052db0-9763-4b99-9c40-78c685ff0931,2021-02-15,1.0,1.0,0.0,1.0,0.0,1.0,0.0,0.0
647,e4052db0-9763-4b99-9c40-78c685ff0931,2021-02-19,0.0,2.0,0.0,1.0,0.0,1.0,1.0,0.0
648,e4052db0-9763-4b99-9c40-78c685ff0931,2021-02-27,1.0,2.0,0.0,1.0,0.0,1.0,0.0,1.0
649,e4052db0-9763-4b99-9c40-78c685ff0931,2021-03-01,0.0,3.0,1.0,1.0,0.0,1.0,0.0,1.0
650,e4052db0-9763-4b99-9c40-78c685ff0931,2021-03-04,0.0,3.0,1.0,2.0,0.0,1.0,0.0,1.0
651,e4052db0-9763-4b99-9c40-78c685ff0931,2021-03-08,1.0,3.0,0.0,3.0,0.0,1.0,0.0,1.0
652,e4052db0-9763-4b99-9c40-78c685ff0931,2021-03-11,1.0,4.0,0.0,3.0,0.0,1.0,0.0,1.0
653,e4052db0-9763-4b99-9c40-78c685ff0931,2021-03-19,0.0,5.0,1.0,3.0,0.0,1.0,0.0,1.0
654,e4052db0-9763-4b99-9c40-78c685ff0931,2021-03-29,0.0,5.0,1.0,4.0,0.0,1.0,0.0,1.0
655,e4052db0-9763-4b99-9c40-78c685ff0931,2021-04-05,0.0,5.0,1.0,5.0,0.0,1.0,0.0,1.0
656,e4052db0-9763-4b99-9c40-78c685ff0931,2021-04-09,1.0,5.0,0.0,6.0,0.0,1.0,0.0,1.0
657,e4052db0-9763-4b99-9c40-78c685ff0931,2021-05-18,0.0,6.0,0.0,6.0,1.0,1.0,0.0,1.0
658,e4052db0-9763-4b99-9c40-78c685ff0931,2021-05-20,0.0,6.0,0.0,6.0,0.0,2.0,1.0,1.0
659,e4052db0-9763-4b99-9c40-78c685ff0931,2021-05-24,1.0,6.0,0.0,6.0,0.0,2.0,0.0,2.0
660,e4052db0-9763-4b99-9c40-78c685ff0931,2021-05-26,1.0,7.0,0.0,6.0,0.0,2.0,0.0,2.0
661,e4052db0-9763-4b99-9c40-78c685ff0931,2021-05-28,0.0,8.0,1.0,6.0,0.0,2.0,0.0,2.0
662,e4052db0-9763-4b99-9c40-78c685ff0931,2021-06-20,0.0,8.0,1.0,7.0,0.0,2.0,0.0,2.0
663,e4052db0-9763-4b99-9c40-78c685ff0931,2021-06-28,0.0,8.0,0.0,8.0,0.0,2.0,1.0,2.0
664,e4052db0-9763-4b99-9c40-78c685ff0931,2021-07-02,0.0,8.0,0.0,8.0,0.0,2.0,1.0,3.0
665,e4052db0-9763-4b99-9c40-78c685ff0931,2021-07-06,0.0,8.0,1.0,8.0,0.0,2.0,0.0,4.0
666,e4052db0-9763-4b99-9c40-78c685ff0931,2021-07-08,0.0,8.0,0.0,9.0,0.0,2.0,1.0,4.0
667,e4052db0-9763-4b99-9c40-78c685ff0931,2021-07-23,1.0,8.0,0.0,9.0,0.0,2.0,0.0,5.0
668,e4052db0-9763-4b99-9c40-78c685ff0931,2021-08-02,1.0,9.0,0.0,9.0,0.0,2.0,0.0,5.0
669,e4052db0-9763-4b99-9c40-78c685ff0931,2021-08-06,0.0,10.0,0.0,9.0,1.0,2.0,1.0,5.0
670,e4052db0-9763-4b99-9c40-78c685ff0931,2021-08-12,0.0,10.0,1.0,9.0,0.0,3.0,0.0,6.0
671,e4052db0-9763-4b99-9c40-78c685ff0931,2021-08-26,0.0,10.0,0.0,10.0,1.0,3.0,0.0,6.0
672,e4052db0-9763-4b99-9c40-78c685ff0931,2021-09-04,0.0,10.0,1.0,10.0,0.0,4.0,0.0,6.0
673,e4052db0-9763-4b99-9c40-78c685ff0931,2021-09-17,0.0,10.0,0.0,11.0,1.0,4.0,0.0,6.0
674,e4052db0-9763-4b99-9c40-78c685ff0931,2021-09-19,1.0,10.0,0.0,11.0,0.0,5.0,0.0,6.0
675,e4052db0-9763-4b99-9c40-78c685ff0931,2021-09-24,0.0,11.0,1.0,11.0,0.0,5.0,0.0,6.0
676,e4052db0-9763-4b99-9c40-78c685ff0931,2021-10-01,1.0,11.0,0.0,12.0,0.0,5.0,0.0,6.0
677,e4052db0-9763-4b99-9c40-78c685ff0931,2021-10-02,1.0,12.0,0.0,12.0,0.0,5.0,0.0,6.0
678,e4052db0-9763-4b99-9c40-78c685ff0931,2021-10-07,1.0,13.0,1.0,12.0,0.0,5.0,0.0,6.0
679,e4052db0-9763-4b99-9c40-78c685ff0931,2021-10-09,1.0,14.0,0.0,13.0,0.0,5.0,0.0,6.0
680,e4052db0-9763-4b99-9c40-78c685ff0931,2021-10-29,0.0,15.0,0.0,13.0,0.0,5.0,1.0,6.0
681,e4052db0-9763-4b99-9c40-78c685ff0931,2021-11-29,0.0,15.0,0.0,13.0,1.0,5.0,0.0,7.0
682,e4052db0-9763-4b99-9c40-78c685ff0931,2021-11-30,1.0,15.0,1.0,13.0,0.0,6.0,0.0,7.0
683,e4052db0-9763-4b99-9c40-78c685ff0931,2021-12-08,0.0,16.0,1.0,14.0,0.0,6.0,0.0,7.0
684,e4052db0-9763-4b99-9c40-78c685ff0931,2021-12-20,0.0,16.0,1.0,15.0,0.0,6.0,0.0,7.0
685,e4052db0-9763-4b99-9c40-78c685ff0931,2021-12-21,0.0,16.0,1.0,16.0,0.0,6.0,0.0,7.0
686,e4052db0-9763-4b99-9c40-78c685ff0931,2021-12-25,0.0,16.0,0.0,17.0,0.0,6.0,1.0,7.0
687,e4052db0-9763-4b99-9c40-78c685ff0931,2021-12-28,0.0,16.0,1.0,17.0,0.0,6.0,0.0,8.0
688,eeb7310d-54eb-47c8-96a1-7ba5cf619d7e,2021-01-05,1.0,0.0,0.0,0.0,0.0,0.0,0.0,0.0
689,eeb7310d-54eb-47c8-96a1-7ba5cf619d7e,2021-01-11,0.0,1.0,1.0,0.0,0.0,0.0,0.0,0.0
690,eeb7310d-54eb-47c8-96a1-7ba5cf619d7e,2021-01-12,0.0,1.0,1.0,1.0,0.0,0.0,0.0,0.0
691,eeb7310d-54eb-47c8-96a1-7ba5cf619d7e,2021-01-20,1.0,1.0,0.0,2.0,0.0,0.0,0.0,0.0
692,eeb7310d-54eb-47c8-96a1-7ba5cf619d7e,2021-02-09,1.0,2.0,0.0,2.0,0.0,0.0,0.0,0.0
693,eeb7310d-54eb-47c8-96a1-7ba5cf619d7e,2021-02-12,0.0,3.0,1.0,2.0,0.0,0.0,0.0,0.0
694,eeb7310d-54eb-47c8-96a1-7ba5cf619d7e,2021-02-20,0.0,3.0,0.0,3.0,0.0,0.0,1.0,0.0
695,eeb7310d-54eb-47c8-96a1-7ba5cf619d7e,2021-02-25,0.0,3.0,0.0,3.0,1.0,0.0,0.0,1.0
696,eeb7310d-54eb-47c8-96a1-7ba5cf619d7e,2021-03-07,1.0,3.0,0.0,3.0,0.0,1.0,0.0,1.0
697,eeb7310d-54eb-47c8-96a1-7ba5cf619d7e,2021-03-08,1.0,4.0,0.0,3.0,1.0,1.0,0.0,1.0
698,eeb7310d-54eb-47c8-96a1-7ba5cf619d7e,2021-03-09,0.0,5.0,1.0,3.0,0.0,2.0,0.0,1.0
699,eeb7310d-54eb-47c8-96a1-7ba5cf619d7e,2021-03-25,0.0,5.0,1.0,4.0,0.0,2.0,0.0,1.0
700,eeb7310d-54eb-47c8-96a1-7ba5cf619d7e,2021-03-29,0.0,5.0,0.0,5.0,0.0,2.0,1.0,1.0
701,eeb7310d-54eb-47c8-96a1-7ba5cf619d7e,2021-04-10,0.0,5.0,0.0,5.0,0.0,2.0,1.0,2.0
702,eeb7310d-54eb-47c8-96a1-7ba5cf619d7e,2021-05-13,0.0,5.0,1.0,5.0,0.0,2.0,0.0,3.0
703,eeb7310d-54eb-47c8-96a1-7ba5cf619d7e,2021-05-14,1.0,5.0,0.0,6.0,0.0,2.0,0.0,3.0
704,eeb7310d-54eb-47c8-96a1-7ba5cf619d7e,2021-05-17,1.0,6.0,0.0,6.0,0.0,2.0,0.0,3.0
705,eeb7310d-54eb-47c8-96a1-7ba5cf619d7e,2021-05-26,0.0,7.0,1.0,6.0,0.0,2.0,0.0,3.0
706,eeb7310d-54eb-47c8-96a1-7ba5cf619d7e,2021-05-27,0.0,7.0,0.0,7.0,0.0,2.0,1.0,3.0
707,eeb7310d-54eb-47c8-96a1-7ba5cf619d7e,2021-05-31,1.0,7.0,0.0,7.0,0.0,2.0,0.0,4.0
708,eeb7310d-54eb-47c8-96a1-7ba5cf619d7e,2021-06-17,0.0,8.0,1.0,7.0,0.0,2.0,0.0,4.0
709,eeb7310d-54eb-47c8-96a1-7ba5cf619d7e,2021-06-27,1.0,8.0,0.0,8.0,0.0,2.0,0.0,4.0
710,eeb7310d-54eb-47c8-96a1-7ba5cf619d7e,2021-07-16,0.0,9.0,0.0,8.0,0.0,2.0,1.0,4.0
711,eeb7310d-54eb-47c8-96a1-7ba5cf619d7e,2021-07-20,0.0,9.0,1.0,8.0,0.0,2.0,0.0,5.0
712,eeb7310d-54eb-47c8-96a1-7ba5cf619d7e,2021-07-28,0.0,9.0,1.0,9.0,0.0,2.0,0.0,5.0
713,eeb7310d-54eb-47c8-96a1-7ba5cf619d7e,2021-07-31,0.0,9.0,1.0,10.0,0.0,2.0,0.0,5.0
714,eeb7310d-54eb-47c8-96a1-7ba5cf619d7e,2021-08-03,1.0,9.0,0.0,11.0,0.0,2.0,0.0,5.0
715,eeb7310d-54eb-47c8-96a1-7ba5cf619d7e,2021-08-06,0.0,10.0,0.0,11.0,0.0,2.0,1.0,5.0
716,eeb7310d-54eb-47c8-96a1-7ba5cf619d7e,2021-08-08,0.0,10.0,0.0,11.0,1.0,2.0,0.0,6.0
717,eeb7310d-54eb-47c8-96a1-7ba5cf619d7e,2021-08-15,1.0,10.0,0.0,11.0,0.0,3.0,0.0,6.0
718,eeb7310d-54eb-47c8-96a1-7ba5cf619d7e,2021-08-20,0.0,11.0,1.0,11.0,0.0,3.0,0.0,6.0
719,eeb7310d-54eb-47c8-96a1-7ba5cf619d7e,2021-08-29,0.0,11.0,1.0,12.0,0.0,3.0,0.0,6.0
720,eeb7310d-54eb-47c8-96a1-7ba5cf619d7e,2021-09-14,1.0,11.0,0.0,13.0,0.0,3.0,0.0,6.0
721,eeb7310d-54eb-47c8-96a1-7ba5cf619d7e,2021-09-18,1.0,12.0,0.0,13.0,0.0,3.0,0.0,6.0
722,eeb7310d-54eb-47c8-96a1-7ba5cf619d7e,2021-10-14,0.0,13.0,0.0,13.0,0.0,3.0,1.0,6.0
723,eeb7310d-54eb-47c8-96a1-7ba5cf619d7e,2021-10-30,1.0,13.0,0.0,13.0,0.0,3.0,0.0,7.0
724,eeb7310d-54eb-47c8-96a1-7ba5cf619d7e,2021-11-11,1.0,14.0,0.0,13.0,0.0,3.0,0.0,7.0
725,eeb7310d-54eb-47c8-96a1-7ba5cf619d7e,2021-11-14,1.0,15.0,0.0,13.0,0.0,3.0,0.0,7.0
726,eeb7310d-54eb-47c8-96a1-7ba5cf619d7e,2021-11-28,0.0,16.0,1.0,13.0,0.0,3.0,0.0,7.0
727,eeb7310d-54eb-47c8-96a1-7ba5cf619d7e,2021-12-02,1.0,16.0,0.0,14.0,0.0,3.0,0.0,7.0
728,eeb7310d-54eb-47c8-96a1-7ba5cf619d7e,2021-12-20,0.0,17.0,2.0,14.0,0.0,3.0,0.0,7.0
729,eeb7310d-54eb-47c8-96a1-7ba5cf619d7e,2021-12-30,1.0,17.0,0.0,16.0,0.0,3.0,0.0,7.0
730,f17ec98a-4a6b-4fc4-94be-c850d5bf3c93,2021-01-02,0.0,0.0,1.0,0.0,0.0,0.0,1.0,0.0
731,f17ec98a-4a6b-4fc4-94be-c850d5bf3c93,2021-01-11,0.0,0.0,1.0,1.0,0.0,0.0,0.0,1.0
732,f17ec98a-4a6b-4fc4-94be-c850d5bf3c93,2021-02-01,0.0,0.0,0.0,2.0,0.0,0.0,1.0,1.0
733,f17ec98a-4a6b-4fc4-94be-c850d5bf3c93,2021-02-06,1.0,0.0,0.0,2.0,0.0,0.0,0.0,2.0
734,f17ec98a-4a6b-4fc4-94be-c850d5bf3c93,2021-03-14,1.0,1.0,0.0,2.0,0.0,0.0,0.0,2.0
735,f17ec98a-4a6b-4fc4-94be-c850d5bf3c93,2021-03-15,0.0,2.0,1.0,2.0,0.0,0.0,0.0,2.0
736,f17ec98a-4a6b-4fc4-94be-c850d5bf3c93,2021-03-27,0.0,2.0,1.0,3.0,0.0,0.0,0.0,2.0
737,f17ec98a-4a6b-4fc4-94be-c850d5bf3c93,2021-03-28,1.0,2.0,0.0,4.0,0.0,0.0,0.0,2.0
738,f17ec98a-4a6b-4fc4-94be-c850d5bf3c93,2021-04-08,0.0,3.0,1.0,4.0,0.0,0.0,0.0,2.0
739,f17ec98a-4a6b-4fc4-94be-c850d5bf3c93,2021-04-17,1.0,3.0,0.0,5.0,0.0,0.0,0.0,2.0
740,f17ec98a-4a6b-4fc4-94be-c850d5bf3c93,2021-04-18,0.0,4.0,1.0,5.0,0.0,0.0,0.0,2.0
741,f17ec98a-4a6b-4fc4-94be-c850d5bf3c93,2021-04-20,0.0,4.0,1.0,6.0,0.0,0.0,0.0,2.0
742,f17ec98a-4a6b-4fc4-94be-c850d5bf3c93,2021-04-27,1.0,4.0,0.0,7.0,0.0,0.0,0.0,2.0
743,f17ec98a-4a6b-4fc4-94be-c850d5bf3c93,2021-05-08,1.0,5.0,0.0,7.0,0.0,0.0,0.0,2.0
744,f17ec98a-4a6b-4fc4-94be-c850d5bf3c93,2021-05-12,1.0,6.0,0.0,7.0,0.0,0.0,0.0,2.0
745,f17ec98a-4a6b-4fc4-94be-c850d5bf3c93,2021-05-21,0.0,7.0,1.0,7.0,0.0,0.0,0.0,2.0
746,f17ec98a-4a6b-4fc4-94be-c850d5bf3c93,2021-06-04,0.0,7.0,1.0,8.0,0.0,0.0,0.0,2.0
747,f17ec98a-4a6b-4fc4-94be-c850d5bf3c93,2021-06-05,0.0,7.0,1.0,9.0,0.0,0.0,0.0,2.0
748,f17ec98a-4a6b-4fc4-94be-c850d5bf3c93,2021-06-28,1.0,7.0,0.0,10.0,0.0,0.0,0.0,2.0
749,f17ec98a-4a6b-4fc4-94be-c850d5bf3c93,2021-07-07,0.0,8.0,1.0,10.0,0.0,0.0,0.0,2.0
750,f17ec98a-4a6b-4fc4-94be-c850d5bf3c93,2021-07-10,0.0,8.0,1.0,11.0,0.0,0.0,0.0,2.0
751,f17ec98a-4a6b-4fc4-94be-c850d5bf3c93,2021-07-18,1.0,8.0,0.0,12.0,0.0,0.0,0.0,2.0
752,f17ec98a-4a6b-4fc4-94be-c850d5bf3c93,2021-07-24,0.0,9.0,0.0,12.0,0.0,0.0,1.0,2.0
753,f17ec98a-4a6b-4fc4-94be-c850d5bf3c93,2021-07-25,1.0,9.0,0.0,12.0,0.0,0.0,0.0,3.0
754,f17ec98a-4a6b-4fc4-94be-c850d5bf3c93,2021-08-01,0.0,10.0,1.0,12.0,0.0,0.0,0.0,3.0
755,f17ec98a-4a6b-4fc4-94be-c850d5bf3c93,2021-08-14,0.0,10.0,1.0,13.0,0.0,0.0,0.0,3.0
756,f17ec98a-4a6b-4fc4-94be-c850d5bf3c93,2021-08-17,0.0,10.0,1.0,14.0,0.0,0.0,0.0,3.0
757,f17ec98a-4a6b-4fc4-94be-c850d5bf3c93,2021-08-19,0.0,10.0,0.0,15.0,0.0,0.0,1.0,3.0
758,f17ec98a-4a6b-4fc4-94be-c850d5bf3c93,2021-08-24,0.0,10.0,0.0,15.0,1.0,0.0,0.0,4.0
759,f17ec98a-4a6b-4fc4-94be-c850d5bf3c93,2021-08-28,0.0,10.0,1.0,15.0,0.0,1.0,0.0,4.0
760,f17ec98a-4a6b-4fc4-94be-c850d5bf3c93,2021-08-31,0.0,10.0,0.0,16.0,1.0,1.0,0.0,4.0
761,f17ec98a-4a6b-4fc4-94be-c850d5bf3c93,2021-09-08,0.0,10.0,0.0,16.0,0.0,2.0,1.0,4.0
762,f17ec98a-4a6b-4fc4-94be-c850d5bf3c93,2021-09-10,0.0,10.0,0.0,16.0,0.0,2.0,1.0,5.0
763,f17ec98a-4a6b-4fc4-94be-c850d5bf3c93,2021-09-12,0.0,10.0,1.0,16.0,0.0,2.0,0.0,6.0
764,f17ec98a-4a6b-4fc4-94be-c850d5bf3c93,2021-09-15,1.0,10.0,0.0,17.0,0.0,2.0,0.0,6.0
765,f17ec98a-4a6b-4fc4-94be-c850d5bf3c93,2021-09-27,1.0,11.0,0.0,17.0,0.0,2.0,0.0,6.0
766,f17ec98a-4a6b-4fc4-94be-c850d5bf3c93,2021-10-04,1.0,12.0,0.0,17.0,0.0,2.0,0.0,6.0
767,f17ec98a-4a6b-4fc4-94be-c850d5bf3c93,2021-10-09,0.0,13.0,0.0,17.0,0.0,2.0,1.0,6.0
768,f17ec98a-4a6b-4fc4-94be-c850d5bf3c93,2021-10-16,1.0,13.0,0.0,17.0,0.0,2.0,0.0,7.0
769,f17ec98a-4a6b-4fc4-94be-c850d5bf3c93,2021-10-20,0.0,14.0,1.0,17.0,0.0,2.0,0.0,7.0
770,f17ec98a-4a6b-4fc4-94be-c850d5bf3c93,2021-10-23,0.0,14.0,1.0,18.0,0.0,2.0,0.0,7.0
771,f17ec98a-4a6b-4fc4-94be-c850d5bf3c93,2021-10-25,0.0,14.0,1.0,19.0,0.0,2.0,0.0,7.0
772,f17ec98a-4a6b-4fc4-94be-c850d5bf3c93,2021-12-06,0.0,14.0,0.0,20.0,0.0,2.0,1.0,7.0
773,f17ec98a-4a6b-4fc4-94be-c850d5bf3c93,2021-12-22,1.0,14.0,0.0,20.0,0.0,2.0,0.0,8.0
774,fafdcaa3-0db1-4f01-b515-26e5f50b0f5e,2021-01-07,0.0,0.0,1.0,0.0,0.0,0.0,0.0,0.0
775,fafdcaa3-0db1-4f01-b515-26e5f50b0f5e,2021-01-11,0.0,0.0,1.0,1.0,0.0,0.0,0.0,0.0
776,fafdcaa3-0db1-4f01-b515-26e5f50b0f5e,2021-01-14,0.0,0.0,0.0,2.0,0.0,0.0,1.0,0.0
777,fafdcaa3-0db1-4f01-b515-26e5f50b0f5e,2021-01-23,0.0,0.0,1.0,2.0,0.0,0.0,0.0,1.0
778,fafdcaa3-0db1-4f01-b515-26e5f50b0f5e,2021-02-04,0.0,0.0,0.0,3.0,0.0,0.0,1.0,1.0
779,fafdcaa3-0db1-4f01-b515-26e5f50b0f5e,2021-03-09,1.0,0.0,0.0,3.0,0.0,0.0,0.0,2.0
780,fafdcaa3-0db1-4f01-b515-26e5f50b0f5e,2021-03-14,0.0,1.0,1.0,3.0,0.0,0.0,0.0,2.0
781,fafdcaa3-0db1-4f01-b515-26e5f50b0f5e,2021-03-23,0.0,1.0,0.0,4.0,0.0,0.0,1.0,2.0
782,fafdcaa3-0db1-4f01-b515-26e5f50b0f5e,2021-04-02,0.0,1.0,2.0,4.0,1.0,0.0,0.0,3.0
783,fafdcaa3-0db1-4f01-b515-26e5f50b0f5e,2021-04-12,0.0,1.0,0.0,6.0,1.0,1.0,0.0,3.0
784,fafdcaa3-0db1-4f01-b515-26e5f50b0f5e,2021-04-29,0.0,1.0,0.0,6.0,1.0,2.0,0.0,3.0
785,fafdcaa3-0db1-4f01-b515-26e5f50b0f5e,2021-05-09,0.0,1.0,1.0,6.0,0.0,3.0,0.0,3.0
786,fafdcaa3-0db1-4f01-b515-26e5f50b0f5e,2021-05-17,1.0,1.0,0.0,7.0,0.0,3.0,0.0,3.0
787,fafdcaa3-0db1-4f01-b515-26e5f50b0f5e,2021-05-21,1.0,2.0,0.0,7.0,0.0,3.0,0.0,3.0
788,fafdcaa3-0db1-4f01-b515-26e5f50b0f5e,2021-06-02,0.0,3.0,0.0,7.0,0.0,3.0,1.0,3.0
789,fafdcaa3-0db1-4f01-b515-26e5f50b0f5e,2021-06-03,0.0,3.0,0.0,7.0,0.0,3.0,1.0,4.0
790,fafdcaa3-0db1-4f01-b515-26e5f50b0f5e,2021-06-06,0.0,3.0,0.0,7.0,0.0,3.0,1.0,5.0
791,fafdcaa3-0db1-4f01-b515-26e5f50b0f5e,2021-06-09,1.0,3.0,0.0,7.0,0.0,3.0,0.0,6.0
792,fafdcaa3-0db1-4f01-b515-26e5f50b0f5e,2021-06-30,0.0,4.0,0.0,7.0,0.0,3.0,1.0,6.0
793,fafdcaa3-0db1-4f01-b515-26e5f50b0f5e,2021-07-01,0.0,4.0,1.0,7.0,0.0,3.0,0.0,7.0
794,fafdcaa3-0db1-4f01-b515-26e5f50b0f5e,2021-07-10,0.0,4.0,1.0,8.0,0.0,3.0,0.0,7.0
795,fafdcaa3-0db1-4f01-b515-26e5f50b0f5e,2021-07-12,1.0,4.0,0.0,9.0,0.0,3.0,0.0,7.0
796,fafdcaa3-0db1-4f01-b515-26e5f50b0f5e,2021-09-10,0.0,5.0,1.0,9.0,0.0,3.0,0.0,7.0
797,fafdcaa3-0db1-4f01-b515-26e5f50b0f5e,2021-09-16,0.0,5.0,1.0,10.0,0.0,3.0,0.0,7.0
798,fafdcaa3-0db1-4f01-b515-26e5f50b0f5e,2021-09-25,1.0,5.0,0.0,11.0,0.0,3.0,0.0,7.0
799,fafdcaa3-0db1-4f01-b515-26e5f50b0f5e,2021-09-30,0.0,6.0,1.0,11.0,0.0,3.0,0.0,7.0
800,fafdcaa3-0db1-4f01-b515-26e5f50b0f5e,2021-10-08,1.0,6.0,0.0,12.0,0.0,3.0,0.0,7.0
801,fafdcaa3-0db1-4f01-b515-26e5f50b0f5e,2021-10-25,0.0,7.0,1.0,12.0,0.0,3.0,0.0,7.0
802,fafdcaa3-0db1-4f01-b515-26e5f50b0f5e,2021-12-03,1.0,7.0,0.0,13.0,0.0,3.0,0.0,7.0
803,fafdcaa3-0db1-4f01-b515-26e5f50b0f5e,2021-12-05,1.0,8.0,0.0,13.0,0.0,3.0,0.0,7.0
804,fafdcaa3-0db1-4f01-b515-26e5f50b0f5e,2021-12-07,0.0,9.0,1.0,13.0,0.0,3.0,0.0,7.0
805,fafdcaa3-0db1-4f01-b515-26e5f50b0f5e,2021-12-12,1.0,9.0,0.0,14.0,0.0,3.0,0.0,7.0
806,fafdcaa3-0db1-4f01-b515-26e5f50b0f5e,2021-12-14,1.0,10.0,0.0,14.0,0.0,3.0,0.0,7.0
807,fafdcaa3-0db1-4f01-b515-26e5f50b0f5e,2021-12-15,0.0,11.0,0.0,14.0,1.0,3.0,0.0,7.0
808,fafdcaa3-0db1-4f01-b515-26e5f50b0f5e,2021-12-16,1.0,11.0,0.0,14.0,0.0,4.0,0.0,7.0
809,fafdcaa3-0db1-4f01-b515-26e5f50b0f5e,2021-12-24,1.0,12.0,0.0,14.0,0.0,4.0,0.0,7.0
810,fafdcaa3-0db1-4f01-b515-26e5f50b0f5e,2021-12-31,1.0,13.0,0.0,14.0,0.0,4.0,0.0,7.0
